evacuation_id,alert_id,employee_id,evacuation_time_minutes,evacuation_status
1,1,462,7.48,Safe
2,1,36,9.58,Delayed
3,1,125,11.0,Delayed
4,1,269,8.11,Safe
5,1,491,10.72,Safe
6,1,247,13.97,Delayed
7,1,367,14.67,Safe
8,1,331,6.37,Missing
9,1,51,3.18,Safe
10,1,40,11.32,Safe
11,1,48,12.05,Safe
12,1,324,11.89,Safe
13,1,353,6.95,Safe
14,1,173,11.12,Safe
15,1,118,5.05,Safe
16,1,125,12.03,Safe
17,1,265,9.2,Delayed
18,1,245,14.98,Safe
19,1,347,3.81,Safe
20,1,165,13.82,Delayed
21,1,165,7.98,Safe
22,1,117,7.97,Safe
23,1,178,13.81,Safe
24,1,138,9.75,Safe
25,1,57,10.02,Safe
26,1,284,6.61,Safe
27,1,112,9.92,Safe
28,1,91,7.9,Safe
29,1,65,9.74,Missing
30,1,80,9.63,Safe
31,1,325,14.28,Delayed
32,1,419,5.71,Safe
33,1,173,11.73,Safe
34,1,93,3.83,Safe
35,1,107,8.78,Safe
36,1,6,10.47,Safe
37,1,225,10.4,Safe
38,1,496,3.53,Safe
39,1,262,10.2,Safe
40,1,52,6.86,Safe
41,1,28,4.11,Safe
42,1,145,10.69,Safe
43,1,73,13.56,Safe
44,1,286,2.44,Safe
45,1,317,12.13,Safe
46,1,214,11.2,Safe
47,1,170,6.78,Safe
48,1,187,2.92,Delayed
49,1,31,10.86,Safe
50,1,343,10.98,Safe
51,1,45,11.39,Safe
52,1,395,4.87,Safe
53,1,68,11.33,Safe
54,1,320,3.26,Safe
55,1,265,10.53,Safe
56,1,300,2.93,Safe
57,1,156,2.26,Delayed
58,1,74,14.59,Delayed
59,1,31,5.64,Safe
60,1,324,4.59,Safe
61,1,125,12.15,Safe
62,1,101,2.36,Safe
63,1,4,9.48,Safe
64,1,321,2.23,Safe
65,1,335,10.75,Safe
66,1,424,4.77,Safe
67,1,387,9.95,Safe
68,1,71,10.1,Safe
69,1,311,14.76,Safe
70,1,292,12.23,Safe
71,1,194,5.94,Safe
72,1,416,5.64,Safe
73,1,73,10.53,Safe
74,1,104,11.13,Missing
75,1,194,5.66,Missing
76,1,152,4.18,Safe
77,1,319,7.52,Safe
78,1,209,4.94,Safe
79,1,24,14.9,Safe
80,1,411,3.95,Delayed
81,1,6,7.33,Delayed
82,1,491,11.85,Safe
83,1,14,9.54,Delayed
84,1,65,8.69,Safe
85,1,478,11.03,Safe
86,1,274,10.17,Safe
87,1,487,7.56,Safe
88,1,1,7.85,Safe
89,1,197,7.46,Safe
90,1,88,10.83,Delayed
91,1,347,11.96,Safe
92,1,74,10.81,Safe
93,1,250,10.96,Delayed
94,1,192,3.82,Safe
95,1,288,9.96,Delayed
96,1,20,13.72,Missing
97,1,438,6.55,Safe
98,1,122,7.34,Safe
99,1,418,11.43,Safe
100,1,4,11.16,Safe
101,2,250,14.49,Delayed
102,2,225,7.64,Safe
103,2,71,4.84,Safe
104,2,425,8.12,Safe
105,2,226,3.76,Safe
106,2,229,12.19,Delayed
107,2,380,11.87,Safe
108,2,217,14.91,Safe
109,2,213,3.36,Safe
110,2,188,3.81,Safe
111,2,334,7.75,Safe
112,2,13,8.54,Safe
113,2,394,10.7,Safe
114,2,293,10.19,Safe
115,2,389,8.58,Safe
116,2,42,14.59,Safe
117,2,425,9.9,Safe
118,2,158,3.84,Safe
119,2,114,10.37,Safe
120,2,275,4.28,Safe
121,2,39,8.92,Safe
122,2,153,12.88,Safe
123,2,272,5.61,Delayed
124,2,484,9.94,Safe
125,2,6,14.69,Safe
126,2,307,8.75,Safe
127,2,454,2.29,Delayed
128,2,244,11.94,Safe
129,2,251,2.03,Missing
130,2,492,11.49,Delayed
131,2,273,4.66,Safe
132,2,276,4.33,Safe
133,2,99,5.71,Safe
134,2,457,2.08,Delayed
135,2,233,8.55,Safe
136,2,185,6.31,Safe
137,2,269,3.23,Safe
138,2,405,8.59,Safe
139,2,435,9.2,Safe
140,2,434,12.15,Safe
141,2,74,14.56,Safe
142,2,466,11.72,Safe
143,2,301,8.26,Safe
144,2,351,5.53,Safe
145,2,130,15.0,Safe
146,2,61,5.63,Missing
147,2,377,2.94,Safe
148,2,247,13.84,Safe
149,2,483,4.07,Safe
150,2,329,4.3,Delayed
151,2,228,14.43,Delayed
152,2,39,9.31,Safe
153,2,300,14.69,Safe
154,2,488,12.56,Safe
155,2,216,5.86,Delayed
156,2,192,5.38,Safe
157,2,300,7.46,Safe
158,2,399,5.42,Delayed
159,2,401,5.6,Safe
160,2,423,13.56,Safe
161,2,288,12.17,Safe
162,2,102,4.77,Safe
163,2,174,14.17,Safe
164,2,137,4.39,Safe
165,2,204,6.79,Delayed
166,2,445,12.01,Safe
167,2,45,11.75,Safe
168,2,187,10.89,Safe
169,2,429,7.92,Safe
170,2,441,9.09,Safe
171,2,364,12.76,Safe
172,2,225,9.57,Safe
173,2,208,12.32,Safe
174,2,201,13.62,Missing
175,2,147,12.34,Safe
176,2,464,8.32,Safe
177,2,202,13.42,Safe
178,2,98,3.16,Missing
179,2,202,5.27,Safe
180,2,277,4.57,Safe
181,2,456,8.41,Safe
182,2,239,5.3,Delayed
183,2,206,12.15,Safe
184,2,493,10.7,Safe
185,2,332,5.55,Safe
186,2,228,5.53,Delayed
187,2,211,11.39,Safe
188,2,486,10.52,Delayed
189,2,433,4.11,Safe
190,2,493,9.05,Safe
191,2,93,8.81,Delayed
192,2,88,9.88,Safe
193,2,206,8.76,Safe
194,2,461,5.36,Safe
195,2,193,7.14,Safe
196,2,192,10.8,Safe
197,2,41,8.04,Safe
198,2,261,6.79,Missing
199,2,228,10.15,Delayed
200,2,351,13.77,Safe
201,3,183,10.77,Safe
202,3,357,2.52,Safe
203,3,271,11.21,Missing
204,3,396,4.01,Safe
205,3,492,5.61,Safe
206,3,241,7.15,Safe
207,3,90,6.38,Safe
208,3,297,8.72,Safe
209,3,166,14.46,Delayed
210,3,172,14.59,Safe
211,3,381,5.02,Safe
212,3,288,6.59,Safe
213,3,488,11.16,Safe
214,3,109,11.69,Missing
215,3,449,7.43,Missing
216,3,262,4.33,Safe
217,3,171,5.87,Delayed
218,3,322,10.39,Safe
219,3,489,11.2,Safe
220,3,190,8.78,Safe
221,3,483,10.64,Safe
222,3,333,14.58,Safe
223,3,485,4.08,Safe
224,3,415,14.1,Delayed
225,3,260,12.37,Safe
226,3,24,11.79,Safe
227,3,142,4.98,Safe
228,3,382,5.9,Safe
229,3,177,2.68,Safe
230,3,365,4.78,Safe
231,3,387,9.12,Safe
232,3,224,5.41,Safe
233,3,77,6.65,Delayed
234,3,422,12.16,Delayed
235,3,479,3.58,Safe
236,3,162,10.8,Safe
237,3,334,13.41,Safe
238,3,350,12.71,Safe
239,3,416,4.04,Safe
240,3,184,4.07,Safe
241,3,79,10.66,Safe
242,3,383,4.56,Safe
243,3,431,10.6,Safe
244,3,358,8.52,Missing
245,3,36,13.84,Safe
246,3,108,14.71,Safe
247,3,349,7.06,Safe
248,3,384,10.0,Safe
249,3,2,13.45,Delayed
250,3,477,9.29,Safe
251,3,487,2.53,Safe
252,3,485,12.19,Delayed
253,3,419,11.89,Safe
254,3,251,4.95,Safe
255,3,316,5.45,Safe
256,3,459,14.44,Safe
257,3,354,3.28,Safe
258,3,132,10.02,Missing
259,3,329,8.82,Missing
260,3,362,9.35,Safe
261,3,51,6.05,Safe
262,3,3,8.83,Safe
263,3,138,14.24,Safe
264,3,127,12.0,Delayed
265,3,92,4.1,Safe
266,3,387,5.55,Safe
267,3,370,10.38,Safe
268,3,54,6.18,Safe
269,3,461,12.39,Delayed
270,3,308,3.0,Safe
271,3,74,4.38,Safe
272,3,457,10.99,Safe
273,3,497,8.45,Delayed
274,3,461,8.02,Safe
275,3,219,5.32,Safe
276,3,297,11.94,Delayed
277,3,312,9.06,Safe
278,3,6,14.86,Safe
279,3,21,6.74,Delayed
280,3,420,9.16,Delayed
281,3,257,9.42,Safe
282,3,161,6.09,Safe
283,3,91,11.62,Safe
284,3,204,8.9,Safe
285,3,215,14.46,Safe
286,3,123,5.94,Safe
287,3,277,12.96,Safe
288,3,116,14.64,Safe
289,3,373,3.67,Safe
290,3,383,12.39,Safe
291,3,189,2.66,Safe
292,3,68,13.95,Safe
293,3,254,8.05,Safe
294,3,100,12.12,Safe
295,3,238,11.59,Safe
296,3,244,4.64,Safe
297,3,139,2.9,Safe
298,3,77,12.55,Delayed
299,3,19,5.48,Safe
300,3,81,4.13,Safe
301,4,217,3.51,Safe
302,4,291,3.83,Delayed
303,4,459,4.89,Safe
304,4,470,4.87,Delayed
305,4,262,4.73,Safe
306,4,200,11.34,Safe
307,4,396,7.94,Safe
308,4,231,6.94,Delayed
309,4,146,5.38,Delayed
310,4,342,2.51,Delayed
311,4,223,14.1,Safe
312,4,153,13.14,Delayed
313,4,138,12.95,Delayed
314,4,131,5.31,Safe
315,4,143,12.22,Safe
316,4,242,2.99,Safe
317,4,100,10.74,Safe
318,4,366,2.06,Safe
319,4,122,2.46,Safe
320,4,169,8.35,Delayed
321,4,123,6.56,Safe
322,4,229,8.07,Safe
323,4,17,10.61,Safe
324,4,433,6.49,Delayed
325,4,325,11.45,Delayed
326,4,456,11.18,Safe
327,4,459,5.91,Safe
328,4,290,9.21,Safe
329,4,87,4.51,Safe
330,4,276,14.17,Safe
331,4,44,11.7,Safe
332,4,150,13.99,Delayed
333,4,29,12.45,Delayed
334,4,321,3.7,Safe
335,4,130,9.09,Safe
336,4,363,14.75,Safe
337,4,353,8.05,Safe
338,4,99,6.72,Safe
339,4,124,10.77,Safe
340,4,274,10.36,Delayed
341,4,256,2.54,Safe
342,4,260,7.34,Safe
343,4,364,13.03,Safe
344,4,488,6.66,Safe
345,4,142,12.99,Safe
346,4,130,13.11,Delayed
347,4,181,5.3,Safe
348,4,165,5.06,Safe
349,4,279,12.08,Safe
350,4,154,3.25,Missing
351,4,197,3.81,Safe
352,4,191,8.33,Delayed
353,4,210,8.75,Delayed
354,4,112,5.0,Safe
355,4,40,2.74,Safe
356,4,50,3.49,Safe
357,4,42,10.47,Missing
358,4,17,7.09,Safe
359,4,308,4.06,Safe
360,4,211,3.85,Safe
361,4,179,4.95,Safe
362,4,494,3.3,Safe
363,4,461,3.58,Safe
364,4,9,8.31,Safe
365,4,193,6.41,Missing
366,4,289,3.4,Safe
367,4,21,7.78,Safe
368,4,61,10.24,Safe
369,4,194,3.45,Safe
370,4,436,4.99,Delayed
371,4,189,7.89,Safe
372,4,24,2.07,Safe
373,4,276,11.14,Safe
374,4,280,3.56,Safe
375,4,276,8.77,Safe
376,4,32,13.72,Safe
377,4,22,13.08,Safe
378,4,231,3.54,Safe
379,4,207,14.63,Missing
380,4,330,5.11,Delayed
381,4,410,6.68,Safe
382,4,96,10.28,Safe
383,4,448,13.1,Safe
384,4,373,11.87,Safe
385,4,440,10.4,Safe
386,4,35,12.48,Safe
387,4,238,7.07,Safe
388,4,498,8.45,Delayed
389,4,474,4.26,Safe
390,4,129,4.52,Safe
391,4,6,14.93,Safe
392,4,237,4.89,Safe
393,4,238,10.05,Safe
394,4,400,5.18,Delayed
395,4,432,13.43,Safe
396,4,497,13.6,Safe
397,4,71,2.96,Safe
398,4,316,10.35,Safe
399,4,89,14.43,Safe
400,4,488,3.43,Safe
401,5,65,2.35,Safe
402,5,309,5.68,Safe
403,5,344,9.69,Safe
404,5,324,7.63,Delayed
405,5,444,3.49,Safe
406,5,265,12.2,Delayed
407,5,478,6.74,Safe
408,5,68,11.21,Safe
409,5,54,7.16,Safe
410,5,364,4.27,Safe
411,5,177,11.97,Safe
412,5,198,12.92,Safe
413,5,224,13.09,Delayed
414,5,303,12.62,Safe
415,5,39,2.83,Safe
416,5,272,13.08,Safe
417,5,483,2.19,Safe
418,5,135,11.16,Delayed
419,5,347,5.28,Safe
420,5,43,13.08,Safe
421,5,446,12.09,Delayed
422,5,281,6.05,Safe
423,5,214,12.19,Delayed
424,5,158,10.34,Safe
425,5,65,3.44,Safe
426,5,195,7.83,Safe
427,5,184,7.09,Safe
428,5,499,13.03,Safe
429,5,87,10.72,Safe
430,5,298,5.01,Safe
431,5,483,5.06,Delayed
432,5,61,13.2,Safe
433,5,172,9.6,Delayed
434,5,361,13.41,Safe
435,5,174,5.09,Safe
436,5,312,13.07,Safe
437,5,481,11.88,Safe
438,5,75,5.27,Safe
439,5,485,12.75,Safe
440,5,51,12.78,Safe
441,5,131,9.24,Safe
442,5,117,12.9,Delayed
443,5,463,12.67,Safe
444,5,113,6.11,Safe
445,5,55,10.29,Safe
446,5,442,14.51,Delayed
447,5,193,13.83,Safe
448,5,232,4.4,Safe
449,5,276,6.88,Safe
450,5,160,6.31,Safe
451,5,185,9.85,Safe
452,5,107,13.7,Delayed
453,5,20,10.36,Safe
454,5,258,12.81,Safe
455,5,195,5.13,Safe
456,5,479,7.26,Safe
457,5,303,13.25,Safe
458,5,361,9.88,Safe
459,5,248,9.53,Safe
460,5,50,12.85,Safe
461,5,80,2.18,Delayed
462,5,164,14.8,Safe
463,5,463,5.97,Safe
464,5,188,4.36,Safe
465,5,271,2.07,Safe
466,5,231,3.18,Safe
467,5,1,7.88,Delayed
468,5,72,5.39,Safe
469,5,211,6.82,Safe
470,5,447,9.76,Safe
471,5,57,4.04,Safe
472,5,356,13.95,Safe
473,5,389,12.62,Safe
474,5,49,8.54,Missing
475,5,83,8.46,Safe
476,5,154,5.24,Safe
477,5,351,14.87,Safe
478,5,346,14.53,Safe
479,5,419,12.38,Safe
480,5,308,14.35,Safe
481,5,429,8.69,Safe
482,5,276,13.04,Delayed
483,5,304,12.93,Safe
484,5,266,7.54,Safe
485,5,229,14.34,Safe
486,5,171,6.84,Delayed
487,5,142,3.4,Safe
488,5,393,10.38,Delayed
489,5,104,4.26,Safe
490,5,337,9.86,Safe
491,5,141,12.47,Safe
492,5,190,7.15,Safe
493,5,483,9.08,Safe
494,5,285,3.65,Safe
495,5,422,8.7,Delayed
496,5,457,2.31,Delayed
497,5,25,14.89,Safe
498,5,105,2.35,Safe
499,5,196,4.72,Safe
500,5,218,10.42,Delayed
501,6,132,3.36,Safe
502,6,413,14.64,Safe
503,6,325,8.53,Safe
504,6,170,14.77,Safe
505,6,223,7.23,Missing
506,6,71,3.61,Safe
507,6,358,13.45,Safe
508,6,278,5.46,Safe
509,6,89,10.31,Safe
510,6,129,2.71,Safe
511,6,204,2.07,Safe
512,6,391,2.31,Safe
513,6,7,4.13,Missing
514,6,294,3.57,Missing
515,6,88,6.69,Missing
516,6,71,5.0,Safe
517,6,301,2.18,Safe
518,6,242,9.91,Safe
519,6,370,4.02,Safe
520,6,420,7.6,Safe
521,6,254,6.02,Safe
522,6,335,7.05,Safe
523,6,170,14.07,Safe
524,6,228,10.5,Safe
525,6,207,10.85,Safe
526,6,358,4.71,Safe
527,6,53,8.3,Safe
528,6,195,3.85,Delayed
529,6,352,7.26,Delayed
530,6,177,4.86,Safe
531,6,369,6.75,Delayed
532,6,68,4.64,Safe
533,6,310,5.19,Safe
534,6,176,8.39,Safe
535,6,306,6.25,Delayed
536,6,46,7.54,Safe
537,6,208,9.65,Safe
538,6,229,8.61,Delayed
539,6,300,4.3,Safe
540,6,404,5.24,Safe
541,6,435,3.89,Delayed
542,6,462,8.97,Safe
543,6,167,6.09,Safe
544,6,215,8.19,Delayed
545,6,454,5.87,Safe
546,6,68,9.36,Safe
547,6,5,4.33,Safe
548,6,107,6.86,Safe
549,6,252,7.82,Safe
550,6,455,5.06,Safe
551,6,318,3.86,Safe
552,6,119,7.44,Safe
553,6,236,3.92,Safe
554,6,106,8.28,Safe
555,6,339,12.86,Delayed
556,6,410,5.98,Delayed
557,6,355,7.68,Missing
558,6,254,11.53,Delayed
559,6,54,8.71,Safe
560,6,288,6.91,Safe
561,6,192,14.99,Delayed
562,6,155,9.24,Safe
563,6,420,3.39,Safe
564,6,463,3.88,Safe
565,6,2,12.18,Safe
566,6,380,11.83,Safe
567,6,186,2.49,Safe
568,6,139,9.84,Safe
569,6,83,13.5,Missing
570,6,403,9.78,Safe
571,6,274,9.51,Safe
572,6,37,9.72,Safe
573,6,260,11.91,Safe
574,6,172,13.45,Safe
575,6,25,11.09,Safe
576,6,257,11.4,Safe
577,6,419,4.27,Safe
578,6,247,7.39,Safe
579,6,317,2.92,Safe
580,6,110,5.54,Safe
581,6,272,2.07,Safe
582,6,248,8.37,Safe
583,6,89,9.82,Safe
584,6,264,9.39,Safe
585,6,472,14.63,Safe
586,6,242,8.56,Delayed
587,6,34,2.39,Safe
588,6,21,13.45,Safe
589,6,322,8.51,Safe
590,6,50,5.4,Safe
591,6,14,4.59,Safe
592,6,414,9.27,Safe
593,6,335,4.74,Safe
594,6,142,11.03,Safe
595,6,458,3.66,Safe
596,6,16,9.75,Safe
597,6,215,10.97,Safe
598,6,398,11.28,Delayed
599,6,349,9.47,Delayed
600,6,300,7.67,Safe
601,7,132,7.3,Safe
602,7,246,4.6,Safe
603,7,158,4.58,Safe
604,7,7,4.9,Safe
605,7,469,10.16,Safe
606,7,303,4.1,Safe
607,7,295,10.69,Safe
608,7,84,13.56,Safe
609,7,374,13.45,Safe
610,7,228,8.55,Safe
611,7,321,2.01,Safe
612,7,292,11.34,Safe
613,7,430,9.92,Safe
614,7,257,10.67,Safe
615,7,302,11.46,Safe
616,7,360,6.64,Missing
617,7,301,6.13,Safe
618,7,245,10.07,Safe
619,7,243,5.63,Safe
620,7,15,4.45,Safe
621,7,167,14.24,Safe
622,7,213,11.65,Safe
623,7,243,7.48,Delayed
624,7,109,5.2,Safe
625,7,327,11.27,Safe
626,7,132,11.76,Safe
627,7,159,2.82,Delayed
628,7,260,8.24,Safe
629,7,264,14.77,Safe
630,7,241,8.06,Safe
631,7,275,10.64,Safe
632,7,46,9.29,Safe
633,7,207,4.66,Safe
634,7,244,12.27,Safe
635,7,52,12.86,Missing
636,7,32,10.21,Safe
637,7,111,7.18,Safe
638,7,288,11.35,Safe
639,7,9,10.67,Safe
640,7,148,5.17,Delayed
641,7,171,6.9,Delayed
642,7,48,2.38,Safe
643,7,296,11.95,Safe
644,7,94,9.57,Safe
645,7,45,6.68,Safe
646,7,125,4.91,Safe
647,7,123,6.2,Missing
648,7,430,12.04,Delayed
649,7,484,4.26,Safe
650,7,474,3.89,Safe
651,7,66,8.01,Safe
652,7,91,5.32,Safe
653,7,101,10.06,Delayed
654,7,362,6.18,Safe
655,7,216,5.81,Safe
656,7,226,11.0,Delayed
657,7,144,4.5,Safe
658,7,26,3.05,Safe
659,7,341,8.73,Safe
660,7,11,7.87,Safe
661,7,412,3.7,Safe
662,7,471,5.78,Missing
663,7,253,8.61,Delayed
664,7,477,4.66,Delayed
665,7,206,10.53,Safe
666,7,167,14.91,Safe
667,7,312,13.72,Missing
668,7,358,12.19,Safe
669,7,104,6.39,Delayed
670,7,396,9.41,Delayed
671,7,481,2.49,Safe
672,7,194,9.19,Delayed
673,7,463,8.69,Safe
674,7,498,8.77,Safe
675,7,281,7.4,Safe
676,7,203,9.29,Safe
677,7,498,11.83,Missing
678,7,459,10.01,Delayed
679,7,267,3.97,Safe
680,7,223,9.57,Safe
681,7,458,8.78,Safe
682,7,63,3.24,Missing
683,7,355,13.44,Safe
684,7,58,5.32,Safe
685,7,412,3.32,Safe
686,7,272,5.82,Delayed
687,7,180,13.24,Safe
688,7,260,10.52,Safe
689,7,388,13.41,Safe
690,7,481,3.09,Safe
691,7,390,4.38,Delayed
692,7,47,3.7,Safe
693,7,222,13.43,Delayed
694,7,208,12.02,Safe
695,7,500,10.65,Safe
696,7,97,6.6,Safe
697,7,244,4.53,Safe
698,7,293,2.38,Safe
699,7,271,11.25,Safe
700,7,158,9.2,Safe
701,8,132,7.77,Safe
702,8,408,13.29,Safe
703,8,438,2.48,Safe
704,8,32,8.77,Missing
705,8,469,12.53,Safe
706,8,356,9.36,Safe
707,8,237,6.62,Delayed
708,8,21,2.12,Missing
709,8,203,4.54,Safe
710,8,89,2.66,Delayed
711,8,362,8.41,Delayed
712,8,456,10.7,Safe
713,8,343,6.71,Safe
714,8,445,2.0,Safe
715,8,152,14.13,Safe
716,8,310,5.95,Safe
717,8,106,5.28,Safe
718,8,376,8.66,Safe
719,8,27,12.15,Safe
720,8,296,14.12,Safe
721,8,422,12.3,Safe
722,8,411,7.18,Safe
723,8,35,13.33,Safe
724,8,177,7.12,Safe
725,8,229,6.56,Safe
726,8,436,14.41,Safe
727,8,186,12.68,Safe
728,8,261,8.04,Safe
729,8,364,12.24,Safe
730,8,365,3.89,Safe
731,8,324,12.65,Delayed
732,8,428,10.69,Safe
733,8,77,7.89,Safe
734,8,381,7.04,Safe
735,8,48,14.23,Missing
736,8,213,14.19,Safe
737,8,12,12.85,Safe
738,8,93,3.6,Missing
739,8,299,5.1,Delayed
740,8,61,7.73,Delayed
741,8,49,15.0,Delayed
742,8,1,11.25,Safe
743,8,295,6.32,Safe
744,8,77,9.07,Delayed
745,8,160,6.04,Delayed
746,8,282,12.0,Safe
747,8,141,8.63,Safe
748,8,312,2.38,Delayed
749,8,239,8.52,Safe
750,8,257,5.5,Safe
751,8,331,3.25,Safe
752,8,473,10.21,Safe
753,8,392,9.0,Safe
754,8,36,2.63,Delayed
755,8,283,4.49,Safe
756,8,436,13.75,Safe
757,8,500,10.88,Delayed
758,8,269,14.49,Safe
759,8,316,14.39,Safe
760,8,315,2.15,Safe
761,8,200,11.12,Safe
762,8,13,12.58,Safe
763,8,368,11.8,Missing
764,8,184,9.4,Safe
765,8,487,12.58,Missing
766,8,218,8.67,Safe
767,8,278,9.53,Safe
768,8,101,9.75,Safe
769,8,148,12.29,Delayed
770,8,407,8.93,Safe
771,8,382,10.32,Safe
772,8,449,10.66,Safe
773,8,207,5.04,Safe
774,8,437,3.35,Safe
775,8,101,13.45,Safe
776,8,22,9.62,Safe
777,8,323,4.27,Safe
778,8,104,8.39,Delayed
779,8,47,4.81,Safe
780,8,54,14.37,Safe
781,8,310,8.19,Delayed
782,8,401,7.43,Safe
783,8,75,5.3,Safe
784,8,459,2.45,Safe
785,8,480,14.15,Delayed
786,8,60,14.85,Safe
787,8,491,13.34,Safe
788,8,12,10.49,Safe
789,8,246,7.43,Delayed
790,8,282,2.86,Safe
791,8,35,13.64,Delayed
792,8,338,6.19,Delayed
793,8,147,2.82,Safe
794,8,249,12.1,Safe
795,8,328,6.83,Missing
796,8,134,11.16,Delayed
797,8,384,10.52,Safe
798,8,460,8.73,Delayed
799,8,141,14.97,Safe
800,8,79,3.58,Safe
801,9,39,5.45,Missing
802,9,238,9.7,Safe
803,9,76,13.04,Safe
804,9,273,5.71,Delayed
805,9,329,10.25,Safe
806,9,411,5.64,Safe
807,9,354,13.11,Safe
808,9,194,14.98,Safe
809,9,114,10.65,Safe
810,9,38,9.81,Safe
811,9,391,5.31,Missing
812,9,106,4.18,Safe
813,9,77,11.19,Safe
814,9,60,10.94,Safe
815,9,119,11.95,Safe
816,9,309,5.03,Missing
817,9,309,2.63,Safe
818,9,244,13.29,Safe
819,9,448,7.2,Safe
820,9,112,12.25,Safe
821,9,131,12.47,Safe
822,9,263,9.65,Safe
823,9,323,11.86,Safe
824,9,135,6.77,Safe
825,9,4,9.76,Safe
826,9,208,11.14,Safe
827,9,9,14.68,Safe
828,9,460,8.55,Delayed
829,9,111,8.71,Delayed
830,9,69,13.65,Safe
831,9,348,2.88,Safe
832,9,312,14.43,Safe
833,9,304,5.34,Delayed
834,9,311,3.4,Delayed
835,9,133,2.73,Safe
836,9,492,10.65,Safe
837,9,411,7.64,Safe
838,9,417,12.51,Safe
839,9,358,2.75,Safe
840,9,63,8.47,Safe
841,9,134,10.0,Safe
842,9,238,8.66,Safe
843,9,250,4.6,Safe
844,9,16,10.27,Delayed
845,9,92,9.75,Safe
846,9,320,7.57,Safe
847,9,169,5.02,Safe
848,9,261,10.77,Delayed
849,9,420,11.56,Safe
850,9,78,10.18,Safe
851,9,345,3.02,Safe
852,9,211,10.64,Delayed
853,9,277,8.3,Safe
854,9,489,10.77,Missing
855,9,390,10.14,Delayed
856,9,42,14.28,Safe
857,9,167,9.57,Safe
858,9,354,14.78,Safe
859,9,195,10.41,Safe
860,9,296,11.88,Safe
861,9,224,14.87,Safe
862,9,22,14.71,Safe
863,9,169,2.24,Safe
864,9,392,8.91,Safe
865,9,271,7.25,Safe
866,9,339,13.32,Safe
867,9,23,4.9,Safe
868,9,22,14.44,Safe
869,9,420,4.93,Safe
870,9,395,3.03,Safe
871,9,355,14.21,Safe
872,9,8,14.82,Safe
873,9,346,2.91,Safe
874,9,271,12.43,Safe
875,9,312,8.54,Safe
876,9,12,13.95,Safe
877,9,239,3.86,Safe
878,9,190,2.8,Safe
879,9,329,14.63,Safe
880,9,81,10.2,Safe
881,9,482,10.64,Safe
882,9,161,7.22,Safe
883,9,62,8.53,Missing
884,9,262,13.57,Safe
885,9,85,5.95,Safe
886,9,489,11.07,Safe
887,9,395,7.87,Safe
888,9,425,13.79,Delayed
889,9,338,2.3,Safe
890,9,449,11.33,Safe
891,9,453,11.96,Safe
892,9,119,6.64,Safe
893,9,33,9.5,Safe
894,9,330,7.2,Safe
895,9,478,7.79,Safe
896,9,39,8.34,Safe
897,9,457,8.39,Delayed
898,9,386,3.93,Safe
899,9,136,13.6,Safe
900,9,62,11.55,Safe
901,10,67,9.01,Safe
902,10,195,7.22,Safe
903,10,160,5.81,Safe
904,10,217,12.37,Safe
905,10,328,5.49,Delayed
906,10,69,7.42,Safe
907,10,351,4.23,Missing
908,10,258,3.3,Safe
909,10,271,14.26,Safe
910,10,84,4.94,Delayed
911,10,281,10.79,Safe
912,10,288,6.09,Delayed
913,10,495,3.83,Safe
914,10,176,6.03,Safe
915,10,437,10.37,Delayed
916,10,403,10.82,Safe
917,10,242,12.28,Safe
918,10,465,9.21,Safe
919,10,455,8.14,Safe
920,10,153,4.83,Safe
921,10,45,14.92,Safe
922,10,461,7.28,Safe
923,10,231,14.38,Safe
924,10,296,7.13,Safe
925,10,299,14.1,Delayed
926,10,310,7.46,Delayed
927,10,207,13.43,Safe
928,10,169,12.53,Missing
929,10,441,12.85,Delayed
930,10,362,12.71,Safe
931,10,76,13.11,Delayed
932,10,268,10.49,Safe
933,10,172,8.15,Safe
934,10,292,12.3,Missing
935,10,445,4.54,Safe
936,10,145,5.92,Safe
937,10,213,9.69,Safe
938,10,73,8.8,Safe
939,10,490,3.79,Safe
940,10,159,11.7,Safe
941,10,27,5.39,Delayed
942,10,171,4.56,Safe
943,10,157,3.2,Safe
944,10,147,13.4,Safe
945,10,412,2.71,Safe
946,10,123,14.92,Safe
947,10,387,7.72,Safe
948,10,8,9.03,Safe
949,10,453,12.59,Delayed
950,10,288,3.41,Safe
951,10,433,11.11,Safe
952,10,199,11.46,Safe
953,10,95,9.18,Safe
954,10,349,14.08,Delayed
955,10,278,7.08,Safe
956,10,118,7.31,Safe
957,10,61,13.98,Safe
958,10,116,9.58,Safe
959,10,378,2.54,Safe
960,10,81,3.2,Safe
961,10,168,2.31,Delayed
962,10,249,13.99,Safe
963,10,172,7.05,Safe
964,10,438,3.9,Safe
965,10,89,7.7,Delayed
966,10,409,9.82,Safe
967,10,229,2.41,Safe
968,10,380,10.85,Safe
969,10,76,10.13,Safe
970,10,70,4.98,Safe
971,10,216,12.85,Safe
972,10,371,6.61,Safe
973,10,183,6.04,Safe
974,10,110,7.43,Safe
975,10,192,9.21,Safe
976,10,8,7.46,Safe
977,10,435,13.1,Safe
978,10,193,10.63,Safe
979,10,206,4.7,Safe
980,10,366,12.2,Safe
981,10,444,5.66,Delayed
982,10,355,2.17,Safe
983,10,26,4.22,Safe
984,10,260,6.05,Safe
985,10,487,3.89,Safe
986,10,116,13.57,Safe
987,10,101,13.2,Safe
988,10,252,8.18,Delayed
989,10,24,4.74,Delayed
990,10,140,3.01,Safe
991,10,376,2.14,Safe
992,10,434,3.49,Safe
993,10,28,6.25,Safe
994,10,49,12.24,Safe
995,10,45,5.18,Safe
996,10,387,9.77,Safe
997,10,63,13.75,Safe
998,10,63,9.89,Safe
999,10,406,12.11,Delayed
1000,10,414,5.02,Safe
1001,11,441,14.89,Safe
1002,11,308,11.13,Safe
1003,11,249,14.55,Safe
1004,11,233,13.89,Safe
1005,11,56,4.39,Safe
1006,11,240,4.01,Safe
1007,11,168,5.04,Safe
1008,11,254,4.31,Safe
1009,11,311,3.62,Missing
1010,11,465,4.66,Safe
1011,11,473,12.49,Safe
1012,11,215,11.4,Safe
1013,11,351,7.72,Safe
1014,11,94,9.01,Safe
1015,11,227,13.15,Safe
1016,11,1,14.85,Safe
1017,11,270,14.75,Safe
1018,11,376,8.05,Safe
1019,11,449,8.0,Safe
1020,11,343,14.82,Safe
1021,11,380,4.79,Safe
1022,11,246,13.98,Delayed
1023,11,112,4.93,Missing
1024,11,500,7.88,Safe
1025,11,56,3.62,Safe
1026,11,336,9.78,Safe
1027,11,173,8.46,Safe
1028,11,394,2.77,Safe
1029,11,250,10.42,Safe
1030,11,209,3.14,Safe
1031,11,305,9.78,Missing
1032,11,313,4.29,Safe
1033,11,139,12.91,Missing
1034,11,149,3.41,Delayed
1035,11,454,11.76,Safe
1036,11,223,3.88,Safe
1037,11,46,7.81,Safe
1038,11,231,2.35,Safe
1039,11,370,6.44,Safe
1040,11,437,13.81,Safe
1041,11,14,11.62,Delayed
1042,11,429,5.93,Delayed
1043,11,245,3.64,Delayed
1044,11,273,9.88,Safe
1045,11,404,2.44,Safe
1046,11,423,6.72,Safe
1047,11,359,4.63,Safe
1048,11,236,9.85,Safe
1049,11,98,12.38,Safe
1050,11,249,8.15,Safe
1051,11,133,2.1,Safe
1052,11,417,14.04,Safe
1053,11,297,13.63,Safe
1054,11,289,12.57,Missing
1055,11,49,2.8,Safe
1056,11,117,14.74,Safe
1057,11,355,5.41,Safe
1058,11,415,5.82,Safe
1059,11,212,13.37,Safe
1060,11,30,13.28,Safe
1061,11,472,9.85,Delayed
1062,11,112,14.04,Delayed
1063,11,191,4.15,Safe
1064,11,195,4.32,Safe
1065,11,9,3.38,Safe
1066,11,138,4.3,Safe
1067,11,308,5.11,Safe
1068,11,468,6.5,Safe
1069,11,31,7.07,Delayed
1070,11,231,5.96,Safe
1071,11,95,6.92,Safe
1072,11,315,5.98,Safe
1073,11,146,4.69,Missing
1074,11,37,4.26,Safe
1075,11,6,14.62,Safe
1076,11,234,2.89,Safe
1077,11,183,5.07,Safe
1078,11,15,14.11,Delayed
1079,11,380,8.54,Safe
1080,11,226,6.53,Missing
1081,11,459,12.9,Safe
1082,11,160,9.21,Safe
1083,11,275,6.63,Safe
1084,11,159,7.94,Safe
1085,11,120,7.99,Safe
1086,11,433,4.78,Safe
1087,11,453,8.35,Safe
1088,11,170,11.35,Safe
1089,11,199,4.93,Safe
1090,11,16,3.03,Safe
1091,11,105,14.43,Safe
1092,11,494,8.88,Safe
1093,11,427,5.59,Safe
1094,11,194,6.38,Safe
1095,11,434,13.71,Safe
1096,11,381,12.37,Safe
1097,11,85,5.36,Safe
1098,11,325,5.09,Delayed
1099,11,119,4.07,Safe
1100,11,452,10.43,Safe
1101,12,29,7.91,Safe
1102,12,226,13.6,Safe
1103,12,457,12.05,Delayed
1104,12,97,4.1,Safe
1105,12,203,9.64,Missing
1106,12,419,10.53,Safe
1107,12,153,12.68,Safe
1108,12,18,6.56,Missing
1109,12,226,11.41,Safe
1110,12,97,10.39,Safe
1111,12,150,12.65,Delayed
1112,12,99,8.62,Safe
1113,12,481,5.29,Safe
1114,12,153,8.38,Safe
1115,12,69,9.66,Delayed
1116,12,419,14.08,Safe
1117,12,195,12.9,Missing
1118,12,344,5.86,Safe
1119,12,133,9.47,Safe
1120,12,385,11.22,Safe
1121,12,215,11.05,Safe
1122,12,243,11.86,Safe
1123,12,105,3.32,Safe
1124,12,94,6.3,Safe
1125,12,361,3.76,Missing
1126,12,85,9.91,Safe
1127,12,445,6.85,Safe
1128,12,75,13.8,Safe
1129,12,3,10.41,Safe
1130,12,459,7.49,Safe
1131,12,414,11.45,Delayed
1132,12,331,3.59,Safe
1133,12,240,2.91,Delayed
1134,12,216,6.84,Safe
1135,12,307,8.5,Safe
1136,12,295,9.56,Safe
1137,12,429,12.3,Delayed
1138,12,46,4.98,Safe
1139,12,252,12.5,Safe
1140,12,143,14.34,Safe
1141,12,191,4.24,Missing
1142,12,136,10.21,Delayed
1143,12,385,9.11,Safe
1144,12,288,10.63,Safe
1145,12,37,6.12,Safe
1146,12,120,4.04,Safe
1147,12,272,9.36,Safe
1148,12,373,7.14,Delayed
1149,12,142,2.84,Safe
1150,12,390,13.92,Missing
1151,12,44,12.96,Safe
1152,12,120,14.7,Delayed
1153,12,125,11.02,Safe
1154,12,234,8.46,Safe
1155,12,66,10.09,Safe
1156,12,69,7.7,Safe
1157,12,407,4.16,Safe
1158,12,369,7.37,Delayed
1159,12,96,13.93,Safe
1160,12,500,8.22,Delayed
1161,12,23,9.74,Delayed
1162,12,462,8.61,Safe
1163,12,483,3.45,Safe
1164,12,140,9.11,Safe
1165,12,445,9.6,Safe
1166,12,254,9.9,Safe
1167,12,310,3.85,Safe
1168,12,140,9.93,Safe
1169,12,294,6.15,Safe
1170,12,24,7.64,Delayed
1171,12,416,8.74,Safe
1172,12,73,2.14,Safe
1173,12,90,11.4,Safe
1174,12,258,8.22,Safe
1175,12,72,8.44,Safe
1176,12,86,12.21,Safe
1177,12,397,4.88,Safe
1178,12,312,6.3,Safe
1179,12,390,6.4,Safe
1180,12,62,3.89,Safe
1181,12,319,8.34,Safe
1182,12,403,11.32,Safe
1183,12,415,4.48,Delayed
1184,12,287,10.09,Safe
1185,12,266,10.04,Safe
1186,12,73,8.09,Delayed
1187,12,448,2.74,Safe
1188,12,470,6.02,Safe
1189,12,46,13.93,Safe
1190,12,49,5.06,Safe
1191,12,152,2.66,Safe
1192,12,224,2.1,Safe
1193,12,280,10.71,Safe
1194,12,331,10.06,Safe
1195,12,216,6.09,Safe
1196,12,156,2.63,Delayed
1197,12,409,5.55,Safe
1198,12,211,11.82,Safe
1199,12,9,2.6,Safe
1200,12,408,2.06,Safe
1201,13,177,14.74,Safe
1202,13,223,3.58,Safe
1203,13,55,12.98,Safe
1204,13,474,10.92,Safe
1205,13,258,9.83,Safe
1206,13,183,7.43,Safe
1207,13,108,7.27,Safe
1208,13,56,9.1,Safe
1209,13,231,10.03,Safe
1210,13,370,6.57,Safe
1211,13,499,14.81,Safe
1212,13,499,8.96,Safe
1213,13,483,2.69,Missing
1214,13,460,8.51,Safe
1215,13,393,9.46,Safe
1216,13,59,10.51,Safe
1217,13,84,2.41,Safe
1218,13,457,13.97,Safe
1219,13,33,5.22,Safe
1220,13,288,2.81,Safe
1221,13,160,7.49,Missing
1222,13,448,13.33,Safe
1223,13,368,11.73,Safe
1224,13,77,5.92,Safe
1225,13,412,7.22,Safe
1226,13,140,14.05,Safe
1227,13,36,13.39,Safe
1228,13,443,9.79,Missing
1229,13,263,11.56,Safe
1230,13,438,11.16,Safe
1231,13,195,5.33,Safe
1232,13,86,3.95,Delayed
1233,13,487,9.92,Safe
1234,13,243,2.79,Safe
1235,13,257,10.28,Safe
1236,13,123,12.2,Delayed
1237,13,395,13.39,Safe
1238,13,324,3.21,Delayed
1239,13,178,8.45,Safe
1240,13,32,8.67,Safe
1241,13,26,11.54,Delayed
1242,13,370,12.46,Safe
1243,13,456,13.89,Delayed
1244,13,420,7.27,Safe
1245,13,418,10.99,Missing
1246,13,17,3.16,Missing
1247,13,403,7.11,Safe
1248,13,270,2.92,Safe
1249,13,376,12.26,Safe
1250,13,431,5.54,Delayed
1251,13,161,5.98,Safe
1252,13,467,9.63,Safe
1253,13,205,8.5,Safe
1254,13,306,5.26,Safe
1255,13,145,7.88,Safe
1256,13,422,6.08,Delayed
1257,13,46,10.95,Safe
1258,13,151,10.58,Safe
1259,13,182,2.91,Delayed
1260,13,369,14.72,Safe
1261,13,36,2.78,Safe
1262,13,109,13.47,Safe
1263,13,40,8.38,Safe
1264,13,348,12.14,Safe
1265,13,307,8.66,Safe
1266,13,371,7.79,Safe
1267,13,411,10.08,Safe
1268,13,119,9.82,Safe
1269,13,375,4.52,Safe
1270,13,75,2.73,Safe
1271,13,206,12.11,Safe
1272,13,158,13.3,Safe
1273,13,44,4.02,Safe
1274,13,306,14.24,Safe
1275,13,470,10.51,Missing
1276,13,383,7.2,Safe
1277,13,43,6.79,Safe
1278,13,447,10.84,Safe
1279,13,298,8.94,Safe
1280,13,478,8.17,Safe
1281,13,144,11.43,Safe
1282,13,67,10.76,Safe
1283,13,391,11.69,Safe
1284,13,281,14.7,Missing
1285,13,201,7.53,Safe
1286,13,17,4.26,Safe
1287,13,166,4.04,Missing
1288,13,101,6.37,Safe
1289,13,88,10.35,Safe
1290,13,175,11.72,Delayed
1291,13,62,14.65,Safe
1292,13,334,3.67,Safe
1293,13,95,4.34,Safe
1294,13,125,6.11,Safe
1295,13,320,2.04,Safe
1296,13,448,6.03,Safe
1297,13,33,3.08,Safe
1298,13,146,7.66,Safe
1299,13,469,12.29,Safe
1300,13,411,11.52,Safe
1301,14,300,2.35,Safe
1302,14,143,3.2,Safe
1303,14,464,14.01,Safe
1304,14,294,12.96,Delayed
1305,14,249,7.68,Safe
1306,14,416,13.26,Safe
1307,14,92,13.83,Safe
1308,14,207,10.57,Safe
1309,14,186,7.19,Safe
1310,14,313,3.7,Safe
1311,14,190,3.21,Delayed
1312,14,200,5.26,Safe
1313,14,152,8.64,Safe
1314,14,228,4.18,Delayed
1315,14,35,9.38,Safe
1316,14,60,9.0,Safe
1317,14,199,8.58,Safe
1318,14,95,3.0,Safe
1319,14,108,9.23,Safe
1320,14,240,6.49,Safe
1321,14,267,6.49,Safe
1322,14,2,9.14,Safe
1323,14,319,4.26,Safe
1324,14,393,3.1,Missing
1325,14,111,12.18,Safe
1326,14,151,4.56,Safe
1327,14,272,10.3,Safe
1328,14,346,13.1,Safe
1329,14,381,8.44,Missing
1330,14,389,7.02,Safe
1331,14,196,4.69,Safe
1332,14,351,8.65,Safe
1333,14,451,14.12,Delayed
1334,14,179,5.23,Safe
1335,14,276,2.38,Safe
1336,14,216,3.06,Delayed
1337,14,309,12.2,Safe
1338,14,118,5.93,Safe
1339,14,407,5.42,Safe
1340,14,373,6.93,Safe
1341,14,167,6.8,Safe
1342,14,8,14.21,Safe
1343,14,457,11.32,Safe
1344,14,190,7.96,Safe
1345,14,36,2.11,Safe
1346,14,471,7.08,Safe
1347,14,237,8.99,Delayed
1348,14,342,14.2,Safe
1349,14,150,4.32,Safe
1350,14,456,7.1,Safe
1351,14,166,13.72,Safe
1352,14,422,2.2,Safe
1353,14,172,7.9,Safe
1354,14,450,5.43,Safe
1355,14,300,11.62,Safe
1356,14,283,4.02,Safe
1357,14,453,2.63,Safe
1358,14,168,11.6,Safe
1359,14,414,9.98,Safe
1360,14,60,10.28,Delayed
1361,14,458,9.14,Safe
1362,14,101,8.46,Safe
1363,14,391,2.72,Safe
1364,14,417,5.56,Delayed
1365,14,471,4.79,Missing
1366,14,467,8.47,Safe
1367,14,351,11.38,Safe
1368,14,264,2.87,Safe
1369,14,114,4.03,Safe
1370,14,473,3.39,Safe
1371,14,29,6.45,Missing
1372,14,96,2.28,Delayed
1373,14,379,8.16,Safe
1374,14,309,2.37,Safe
1375,14,488,14.92,Safe
1376,14,177,8.58,Safe
1377,14,71,12.85,Delayed
1378,14,500,7.73,Safe
1379,14,4,4.89,Delayed
1380,14,51,6.15,Missing
1381,14,417,12.52,Safe
1382,14,248,3.73,Safe
1383,14,79,12.49,Safe
1384,14,383,4.57,Delayed
1385,14,392,2.1,Safe
1386,14,142,7.7,Safe
1387,14,189,5.09,Safe
1388,14,288,5.86,Safe
1389,14,384,9.31,Safe
1390,14,267,8.68,Safe
1391,14,322,4.44,Safe
1392,14,305,7.95,Safe
1393,14,307,14.23,Safe
1394,14,485,2.11,Safe
1395,14,283,5.32,Safe
1396,14,78,7.82,Safe
1397,14,103,5.77,Safe
1398,14,272,10.66,Safe
1399,14,369,7.21,Safe
1400,14,440,13.21,Safe
1401,15,223,10.61,Safe
1402,15,247,14.96,Safe
1403,15,84,14.3,Safe
1404,15,470,6.42,Safe
1405,15,39,4.76,Safe
1406,15,180,12.18,Safe
1407,15,347,14.71,Safe
1408,15,223,10.37,Safe
1409,15,207,7.48,Safe
1410,15,405,9.49,Safe
1411,15,450,14.61,Safe
1412,15,415,2.29,Delayed
1413,15,274,12.87,Safe
1414,15,464,8.13,Safe
1415,15,161,12.36,Missing
1416,15,358,10.66,Safe
1417,15,206,12.84,Safe
1418,15,210,6.54,Safe
1419,15,353,14.84,Missing
1420,15,498,14.19,Safe
1421,15,1,7.52,Safe
1422,15,95,8.0,Safe
1423,15,46,5.1,Safe
1424,15,43,4.3,Delayed
1425,15,221,8.25,Safe
1426,15,439,2.5,Safe
1427,15,353,9.29,Safe
1428,15,470,13.57,Delayed
1429,15,486,13.48,Delayed
1430,15,422,8.73,Delayed
1431,15,473,4.68,Safe
1432,15,463,8.64,Safe
1433,15,285,4.82,Safe
1434,15,139,4.7,Safe
1435,15,67,9.96,Safe
1436,15,361,2.52,Safe
1437,15,305,6.21,Safe
1438,15,254,4.06,Safe
1439,15,6,8.88,Safe
1440,15,196,3.74,Safe
1441,15,223,11.89,Safe
1442,15,500,4.19,Missing
1443,15,373,7.66,Safe
1444,15,349,2.6,Safe
1445,15,225,3.31,Delayed
1446,15,34,4.21,Safe
1447,15,472,9.09,Safe
1448,15,122,9.55,Safe
1449,15,201,7.14,Safe
1450,15,207,9.62,Safe
1451,15,145,7.43,Safe
1452,15,352,6.05,Safe
1453,15,224,10.65,Safe
1454,15,361,9.56,Safe
1455,15,335,3.78,Safe
1456,15,118,12.34,Safe
1457,15,406,5.5,Safe
1458,15,46,12.02,Safe
1459,15,131,9.69,Missing
1460,15,147,3.96,Safe
1461,15,116,10.03,Safe
1462,15,204,11.43,Safe
1463,15,334,7.28,Safe
1464,15,490,7.99,Safe
1465,15,262,4.58,Safe
1466,15,23,13.47,Safe
1467,15,178,11.94,Safe
1468,15,401,7.93,Safe
1469,15,113,5.01,Safe
1470,15,69,7.29,Safe
1471,15,8,14.68,Safe
1472,15,372,3.77,Safe
1473,15,231,2.25,Safe
1474,15,163,6.16,Safe
1475,15,463,6.46,Safe
1476,15,286,5.86,Safe
1477,15,480,10.01,Safe
1478,15,112,7.33,Safe
1479,15,67,5.91,Safe
1480,15,331,11.15,Safe
1481,15,123,7.32,Delayed
1482,15,451,9.1,Safe
1483,15,64,13.35,Safe
1484,15,283,8.71,Safe
1485,15,136,4.02,Safe
1486,15,60,10.23,Delayed
1487,15,400,6.58,Delayed
1488,15,183,2.13,Safe
1489,15,2,3.58,Safe
1490,15,288,10.59,Delayed
1491,15,481,7.87,Missing
1492,15,91,6.44,Safe
1493,15,345,6.21,Safe
1494,15,354,2.86,Safe
1495,15,362,11.87,Safe
1496,15,11,2.09,Safe
1497,15,227,4.12,Missing
1498,15,244,14.48,Safe
1499,15,441,12.38,Delayed
1500,15,177,6.01,Delayed
1501,16,271,5.46,Safe
1502,16,254,6.01,Safe
1503,16,475,9.9,Safe
1504,16,435,7.18,Safe
1505,16,488,5.72,Safe
1506,16,166,6.3,Safe
1507,16,175,9.74,Safe
1508,16,34,14.15,Safe
1509,16,324,12.63,Safe
1510,16,135,11.95,Safe
1511,16,246,10.5,Delayed
1512,16,463,3.54,Safe
1513,16,339,6.84,Delayed
1514,16,259,8.08,Safe
1515,16,409,7.07,Safe
1516,16,326,5.7,Safe
1517,16,45,3.68,Safe
1518,16,31,4.37,Safe
1519,16,30,7.7,Safe
1520,16,439,12.42,Safe
1521,16,167,4.3,Safe
1522,16,432,7.14,Safe
1523,16,320,13.86,Safe
1524,16,492,6.05,Safe
1525,16,484,7.73,Safe
1526,16,302,13.15,Safe
1527,16,116,5.55,Delayed
1528,16,131,14.01,Safe
1529,16,82,14.13,Safe
1530,16,5,7.07,Safe
1531,16,418,4.44,Safe
1532,16,431,3.8,Safe
1533,16,175,4.76,Safe
1534,16,387,13.43,Safe
1535,16,496,10.04,Safe
1536,16,149,10.99,Safe
1537,16,131,4.91,Safe
1538,16,330,10.53,Safe
1539,16,349,3.34,Safe
1540,16,492,8.93,Safe
1541,16,206,9.45,Delayed
1542,16,110,14.98,Safe
1543,16,462,3.08,Safe
1544,16,384,4.91,Delayed
1545,16,111,5.59,Delayed
1546,16,262,10.87,Safe
1547,16,301,12.63,Safe
1548,16,286,3.63,Safe
1549,16,485,3.35,Safe
1550,16,238,7.19,Safe
1551,16,108,14.86,Safe
1552,16,184,3.98,Delayed
1553,16,209,8.0,Safe
1554,16,145,4.46,Delayed
1555,16,225,4.21,Delayed
1556,16,312,9.26,Safe
1557,16,323,10.9,Safe
1558,16,371,11.51,Delayed
1559,16,313,7.83,Safe
1560,16,249,12.26,Safe
1561,16,301,3.86,Delayed
1562,16,277,7.1,Safe
1563,16,487,8.15,Safe
1564,16,109,2.52,Safe
1565,16,52,6.91,Safe
1566,16,469,3.35,Safe
1567,16,393,14.25,Delayed
1568,16,250,10.34,Delayed
1569,16,209,7.85,Safe
1570,16,110,6.05,Safe
1571,16,238,14.45,Safe
1572,16,37,5.44,Safe
1573,16,134,13.62,Delayed
1574,16,447,12.91,Safe
1575,16,140,13.52,Safe
1576,16,476,8.04,Safe
1577,16,390,3.55,Safe
1578,16,158,2.74,Safe
1579,16,33,10.68,Safe
1580,16,244,13.81,Safe
1581,16,322,5.78,Safe
1582,16,52,14.38,Safe
1583,16,203,12.47,Delayed
1584,16,28,8.72,Safe
1585,16,18,10.37,Safe
1586,16,62,13.52,Safe
1587,16,248,11.65,Safe
1588,16,476,3.69,Safe
1589,16,319,12.41,Safe
1590,16,212,6.37,Safe
1591,16,114,13.73,Delayed
1592,16,436,10.4,Safe
1593,16,45,8.85,Safe
1594,16,312,8.1,Safe
1595,16,164,8.39,Safe
1596,16,363,12.97,Safe
1597,16,47,5.92,Safe
1598,16,441,2.03,Safe
1599,16,461,10.0,Safe
1600,16,355,4.65,Safe
1601,17,484,10.59,Safe
1602,17,56,12.43,Safe
1603,17,61,7.75,Safe
1604,17,311,2.89,Safe
1605,17,61,8.53,Safe
1606,17,50,6.15,Safe
1607,17,2,12.07,Safe
1608,17,363,8.69,Missing
1609,17,251,13.85,Missing
1610,17,124,13.06,Safe
1611,17,449,11.32,Safe
1612,17,79,4.52,Safe
1613,17,223,6.88,Delayed
1614,17,242,5.07,Safe
1615,17,417,12.33,Safe
1616,17,395,11.22,Safe
1617,17,77,14.56,Safe
1618,17,366,8.05,Safe
1619,17,256,11.3,Safe
1620,17,82,14.51,Delayed
1621,17,106,9.38,Safe
1622,17,349,13.89,Safe
1623,17,426,6.66,Delayed
1624,17,28,3.85,Safe
1625,17,436,8.63,Safe
1626,17,51,2.73,Safe
1627,17,7,2.22,Delayed
1628,17,443,12.44,Safe
1629,17,97,11.99,Safe
1630,17,156,12.39,Safe
1631,17,141,10.15,Safe
1632,17,423,8.56,Safe
1633,17,485,9.54,Safe
1634,17,33,7.6,Safe
1635,17,93,9.63,Safe
1636,17,408,2.83,Safe
1637,17,498,14.03,Missing
1638,17,125,11.35,Safe
1639,17,217,14.01,Safe
1640,17,494,14.59,Delayed
1641,17,91,9.93,Safe
1642,17,121,9.74,Safe
1643,17,294,11.46,Safe
1644,17,17,9.64,Safe
1645,17,280,11.46,Safe
1646,17,66,3.69,Safe
1647,17,108,2.9,Safe
1648,17,77,8.15,Safe
1649,17,339,5.93,Safe
1650,17,131,11.37,Safe
1651,17,144,11.96,Safe
1652,17,32,8.68,Safe
1653,17,475,8.47,Delayed
1654,17,65,10.92,Safe
1655,17,309,8.98,Safe
1656,17,268,6.7,Safe
1657,17,15,9.28,Safe
1658,17,333,14.17,Safe
1659,17,262,6.73,Safe
1660,17,69,4.48,Safe
1661,17,264,7.98,Safe
1662,17,454,4.94,Delayed
1663,17,18,13.34,Delayed
1664,17,21,14.38,Safe
1665,17,41,8.68,Delayed
1666,17,87,13.32,Safe
1667,17,180,10.47,Safe
1668,17,165,2.61,Delayed
1669,17,352,4.87,Safe
1670,17,28,10.92,Safe
1671,17,193,14.31,Safe
1672,17,255,10.34,Safe
1673,17,81,4.01,Safe
1674,17,486,9.16,Safe
1675,17,102,13.21,Safe
1676,17,102,13.69,Delayed
1677,17,193,12.2,Safe
1678,17,429,14.82,Safe
1679,17,337,10.18,Safe
1680,17,456,6.95,Safe
1681,17,102,11.19,Safe
1682,17,400,8.34,Safe
1683,17,64,7.81,Missing
1684,17,137,5.69,Safe
1685,17,186,11.51,Safe
1686,17,6,6.72,Safe
1687,17,218,3.98,Safe
1688,17,42,8.87,Safe
1689,17,261,8.01,Safe
1690,17,177,11.59,Safe
1691,17,133,10.3,Safe
1692,17,318,14.2,Safe
1693,17,353,11.97,Safe
1694,17,134,7.19,Missing
1695,17,287,5.13,Safe
1696,17,120,10.74,Safe
1697,17,280,2.78,Safe
1698,17,437,8.81,Missing
1699,17,72,8.02,Safe
1700,17,29,7.91,Safe
1701,18,233,13.68,Safe
1702,18,9,2.17,Safe
1703,18,445,3.35,Safe
1704,18,28,13.57,Safe
1705,18,46,8.96,Safe
1706,18,284,13.71,Safe
1707,18,84,3.26,Safe
1708,18,365,3.02,Delayed
1709,18,219,11.95,Safe
1710,18,190,3.66,Safe
1711,18,436,9.75,Safe
1712,18,44,3.71,Safe
1713,18,449,4.83,Safe
1714,18,481,12.87,Safe
1715,18,392,11.79,Safe
1716,18,316,8.75,Safe
1717,18,188,11.46,Safe
1718,18,194,8.34,Safe
1719,18,437,9.75,Safe
1720,18,494,11.25,Safe
1721,18,237,4.93,Delayed
1722,18,335,14.18,Missing
1723,18,343,4.85,Safe
1724,18,433,2.92,Safe
1725,18,344,5.17,Safe
1726,18,176,12.32,Delayed
1727,18,87,10.12,Safe
1728,18,174,7.07,Safe
1729,18,188,2.83,Delayed
1730,18,424,14.22,Safe
1731,18,322,12.93,Safe
1732,18,32,13.19,Safe
1733,18,148,10.68,Safe
1734,18,266,14.53,Delayed
1735,18,14,6.18,Safe
1736,18,342,2.48,Safe
1737,18,23,9.97,Safe
1738,18,322,6.1,Safe
1739,18,273,7.99,Safe
1740,18,491,7.18,Delayed
1741,18,360,2.54,Safe
1742,18,307,4.62,Safe
1743,18,461,14.16,Safe
1744,18,431,14.99,Safe
1745,18,329,4.78,Safe
1746,18,103,7.19,Safe
1747,18,49,2.83,Safe
1748,18,448,13.33,Safe
1749,18,165,9.55,Safe
1750,18,432,4.29,Safe
1751,18,260,3.51,Safe
1752,18,196,3.38,Delayed
1753,18,127,11.79,Safe
1754,18,328,14.98,Missing
1755,18,488,6.62,Delayed
1756,18,362,13.01,Safe
1757,18,119,3.43,Safe
1758,18,254,14.57,Safe
1759,18,483,10.41,Safe
1760,18,407,8.76,Safe
1761,18,451,9.56,Safe
1762,18,54,4.21,Safe
1763,18,236,3.18,Safe
1764,18,399,7.12,Delayed
1765,18,75,4.83,Safe
1766,18,24,3.0,Delayed
1767,18,221,6.03,Safe
1768,18,33,6.02,Safe
1769,18,167,3.49,Safe
1770,18,380,3.73,Safe
1771,18,171,9.76,Safe
1772,18,253,14.17,Safe
1773,18,464,3.11,Safe
1774,18,245,12.59,Safe
1775,18,54,6.38,Safe
1776,18,499,5.48,Safe
1777,18,400,12.84,Safe
1778,18,328,3.19,Safe
1779,18,256,8.66,Safe
1780,18,39,5.83,Delayed
1781,18,181,5.13,Safe
1782,18,66,4.31,Safe
1783,18,227,12.18,Safe
1784,18,331,3.9,Safe
1785,18,249,6.41,Safe
1786,18,467,11.63,Safe
1787,18,158,8.52,Missing
1788,18,34,2.1,Safe
1789,18,477,11.16,Safe
1790,18,63,10.45,Safe
1791,18,305,13.81,Safe
1792,18,161,2.31,Safe
1793,18,259,11.32,Delayed
1794,18,77,14.42,Safe
1795,18,114,2.65,Safe
1796,18,135,11.88,Delayed
1797,18,452,2.83,Safe
1798,18,431,7.01,Safe
1799,18,396,5.75,Safe
1800,18,463,2.5,Safe
1801,19,188,7.8,Safe
1802,19,306,9.06,Safe
1803,19,417,4.38,Safe
1804,19,151,11.45,Safe
1805,19,488,6.82,Safe
1806,19,134,9.9,Delayed
1807,19,29,14.38,Safe
1808,19,489,7.49,Missing
1809,19,385,2.83,Safe
1810,19,127,12.32,Safe
1811,19,101,8.48,Missing
1812,19,100,6.6,Safe
1813,19,464,3.24,Missing
1814,19,165,12.98,Safe
1815,19,443,3.75,Safe
1816,19,303,3.44,Safe
1817,19,243,7.89,Safe
1818,19,291,13.46,Delayed
1819,19,292,8.93,Safe
1820,19,405,4.34,Safe
1821,19,384,7.01,Safe
1822,19,320,2.86,Safe
1823,19,436,2.27,Safe
1824,19,136,2.52,Safe
1825,19,451,5.45,Safe
1826,19,75,10.43,Missing
1827,19,488,5.62,Safe
1828,19,33,4.32,Safe
1829,19,357,12.7,Safe
1830,19,289,14.4,Safe
1831,19,323,12.49,Safe
1832,19,320,13.98,Safe
1833,19,133,9.54,Safe
1834,19,466,9.28,Safe
1835,19,142,3.47,Safe
1836,19,407,2.99,Safe
1837,19,370,12.89,Safe
1838,19,173,6.52,Safe
1839,19,317,10.02,Safe
1840,19,222,9.87,Delayed
1841,19,95,6.55,Safe
1842,19,446,6.41,Safe
1843,19,268,3.89,Safe
1844,19,88,2.41,Safe
1845,19,324,14.58,Safe
1846,19,28,14.81,Safe
1847,19,177,13.04,Safe
1848,19,499,10.97,Delayed
1849,19,69,14.02,Safe
1850,19,415,14.3,Safe
1851,19,328,13.76,Safe
1852,19,36,3.11,Safe
1853,19,40,11.95,Safe
1854,19,163,6.67,Safe
1855,19,76,11.14,Safe
1856,19,29,10.35,Safe
1857,19,212,7.03,Safe
1858,19,296,6.8,Delayed
1859,19,454,8.56,Safe
1860,19,212,14.79,Delayed
1861,19,128,7.13,Safe
1862,19,50,4.86,Safe
1863,19,141,5.1,Safe
1864,19,278,13.84,Safe
1865,19,136,8.6,Missing
1866,19,374,8.8,Delayed
1867,19,370,4.94,Delayed
1868,19,407,7.4,Missing
1869,19,200,14.11,Safe
1870,19,140,12.64,Safe
1871,19,78,13.2,Delayed
1872,19,22,12.7,Safe
1873,19,434,10.2,Safe
1874,19,477,6.37,Safe
1875,19,122,10.9,Safe
1876,19,58,10.5,Safe
1877,19,200,11.58,Safe
1878,19,226,5.88,Safe
1879,19,132,4.52,Safe
1880,19,458,6.65,Safe
1881,19,496,14.64,Safe
1882,19,166,3.23,Safe
1883,19,212,4.24,Safe
1884,19,464,14.65,Safe
1885,19,53,11.79,Safe
1886,19,116,13.43,Delayed
1887,19,383,4.86,Safe
1888,19,65,11.18,Safe
1889,19,382,2.57,Safe
1890,19,194,13.94,Safe
1891,19,62,9.02,Safe
1892,19,46,12.84,Safe
1893,19,145,12.08,Missing
1894,19,114,9.17,Safe
1895,19,164,10.25,Safe
1896,19,282,4.31,Safe
1897,19,427,2.26,Safe
1898,19,239,9.43,Safe
1899,19,452,10.32,Safe
1900,19,307,2.58,Safe
1901,20,320,9.13,Safe
1902,20,431,3.35,Safe
1903,20,482,6.6,Safe
1904,20,81,5.08,Safe
1905,20,472,13.6,Delayed
1906,20,379,13.88,Delayed
1907,20,74,13.33,Safe
1908,20,473,3.75,Safe
1909,20,130,13.35,Safe
1910,20,238,11.73,Missing
1911,20,468,6.7,Delayed
1912,20,295,7.98,Missing
1913,20,142,11.89,Safe
1914,20,117,5.49,Safe
1915,20,142,3.27,Safe
1916,20,486,9.86,Safe
1917,20,155,11.85,Safe
1918,20,357,9.79,Safe
1919,20,274,13.91,Safe
1920,20,7,13.39,Safe
1921,20,164,2.06,Safe
1922,20,198,4.23,Safe
1923,20,350,3.48,Safe
1924,20,473,4.4,Safe
1925,20,148,10.57,Safe
1926,20,236,10.13,Safe
1927,20,148,4.16,Safe
1928,20,247,10.23,Safe
1929,20,469,13.31,Safe
1930,20,40,7.11,Safe
1931,20,344,2.13,Safe
1932,20,214,5.69,Delayed
1933,20,36,12.44,Safe
1934,20,143,2.16,Safe
1935,20,484,12.52,Safe
1936,20,472,4.62,Safe
1937,20,283,8.13,Safe
1938,20,496,14.06,Safe
1939,20,139,3.55,Safe
1940,20,481,12.16,Safe
1941,20,85,3.1,Safe
1942,20,86,2.25,Safe
1943,20,19,6.96,Safe
1944,20,343,13.55,Safe
1945,20,339,8.4,Missing
1946,20,385,8.53,Delayed
1947,20,428,8.31,Delayed
1948,20,151,4.52,Safe
1949,20,240,14.75,Missing
1950,20,98,4.01,Safe
1951,20,150,4.09,Safe
1952,20,99,6.55,Delayed
1953,20,226,3.8,Delayed
1954,20,9,5.53,Safe
1955,20,197,10.41,Safe
1956,20,56,8.74,Safe
1957,20,141,6.47,Safe
1958,20,93,6.89,Safe
1959,20,304,2.18,Missing
1960,20,447,5.46,Safe
1961,20,196,6.6,Safe
1962,20,242,13.12,Safe
1963,20,323,7.43,Safe
1964,20,200,11.79,Safe
1965,20,366,2.12,Safe
1966,20,392,11.54,Safe
1967,20,204,14.18,Safe
1968,20,440,4.08,Safe
1969,20,96,14.5,Safe
1970,20,380,7.99,Delayed
1971,20,389,9.17,Safe
1972,20,421,5.83,Safe
1973,20,430,14.23,Delayed
1974,20,9,10.81,Safe
1975,20,57,13.46,Safe
1976,20,337,4.5,Safe
1977,20,409,2.43,Safe
1978,20,387,6.83,Safe
1979,20,300,7.52,Safe
1980,20,482,3.9,Delayed
1981,20,350,2.3,Delayed
1982,20,344,4.89,Safe
1983,20,496,10.21,Safe
1984,20,440,8.18,Safe
1985,20,428,9.62,Safe
1986,20,379,8.7,Safe
1987,20,21,5.44,Safe
1988,20,209,14.73,Safe
1989,20,10,6.16,Safe
1990,20,457,12.12,Delayed
1991,20,497,11.08,Safe
1992,20,109,3.57,Safe
1993,20,37,2.5,Safe
1994,20,140,9.72,Safe
1995,20,371,10.58,Safe
1996,20,456,3.37,Safe
1997,20,314,8.63,Safe
1998,20,111,5.7,Safe
1999,20,457,12.54,Safe
2000,20,22,6.34,Delayed
2001,21,315,5.81,Safe
2002,21,179,12.26,Safe
2003,21,397,6.78,Safe
2004,21,396,11.1,Safe
2005,21,68,8.34,Safe
2006,21,40,3.27,Delayed
2007,21,110,2.69,Safe
2008,21,369,11.17,Safe
2009,21,216,13.54,Safe
2010,21,403,2.24,Safe
2011,21,487,6.46,Safe
2012,21,380,2.0,Safe
2013,21,432,6.32,Safe
2014,21,291,7.85,Safe
2015,21,258,13.37,Safe
2016,21,300,2.55,Safe
2017,21,423,5.0,Safe
2018,21,314,10.98,Safe
2019,21,323,6.28,Safe
2020,21,114,9.42,Missing
2021,21,28,2.83,Safe
2022,21,95,4.88,Safe
2023,21,197,12.64,Safe
2024,21,334,6.57,Safe
2025,21,498,14.76,Safe
2026,21,45,13.27,Safe
2027,21,293,2.1,Safe
2028,21,82,5.95,Safe
2029,21,347,8.9,Safe
2030,21,239,3.04,Safe
2031,21,463,2.77,Safe
2032,21,87,9.14,Safe
2033,21,489,3.74,Missing
2034,21,296,11.65,Delayed
2035,21,205,10.81,Delayed
2036,21,220,10.62,Delayed
2037,21,158,8.75,Delayed
2038,21,328,4.8,Delayed
2039,21,213,6.46,Delayed
2040,21,140,4.47,Delayed
2041,21,332,2.06,Safe
2042,21,491,13.65,Missing
2043,21,197,12.13,Safe
2044,21,497,9.63,Safe
2045,21,118,5.42,Safe
2046,21,224,10.63,Delayed
2047,21,291,3.0,Safe
2048,21,154,13.32,Safe
2049,21,56,13.69,Delayed
2050,21,291,12.52,Safe
2051,21,332,13.28,Safe
2052,21,254,7.46,Safe
2053,21,105,4.2,Delayed
2054,21,237,14.2,Safe
2055,21,435,13.45,Safe
2056,21,293,5.74,Delayed
2057,21,482,8.47,Safe
2058,21,365,8.57,Safe
2059,21,469,9.0,Safe
2060,21,349,8.95,Missing
2061,21,424,7.32,Safe
2062,21,264,12.43,Safe
2063,21,381,4.6,Safe
2064,21,300,14.12,Safe
2065,21,235,4.54,Delayed
2066,21,344,9.98,Delayed
2067,21,171,6.85,Safe
2068,21,273,11.32,Safe
2069,21,144,4.51,Safe
2070,21,256,14.43,Safe
2071,21,328,3.24,Safe
2072,21,126,5.39,Safe
2073,21,221,10.47,Safe
2074,21,238,12.28,Safe
2075,21,189,2.6,Safe
2076,21,395,5.21,Safe
2077,21,182,2.78,Safe
2078,21,234,6.2,Safe
2079,21,316,11.98,Delayed
2080,21,472,9.0,Safe
2081,21,50,7.65,Safe
2082,21,444,6.32,Safe
2083,21,217,2.96,Safe
2084,21,231,4.24,Safe
2085,21,368,11.26,Delayed
2086,21,91,5.73,Delayed
2087,21,78,4.74,Delayed
2088,21,137,8.63,Safe
2089,21,472,5.54,Safe
2090,21,9,11.14,Safe
2091,21,74,5.29,Safe
2092,21,445,10.97,Safe
2093,21,56,14.66,Safe
2094,21,101,12.56,Safe
2095,21,104,5.11,Safe
2096,21,357,10.45,Safe
2097,21,293,7.3,Safe
2098,21,136,11.19,Delayed
2099,21,423,7.26,Safe
2100,21,124,14.91,Safe
2101,22,50,6.99,Safe
2102,22,174,13.01,Safe
2103,22,21,10.18,Delayed
2104,22,378,3.69,Safe
2105,22,23,9.14,Safe
2106,22,24,4.06,Safe
2107,22,389,9.34,Safe
2108,22,15,11.34,Safe
2109,22,91,5.5,Safe
2110,22,146,5.74,Safe
2111,22,133,8.28,Safe
2112,22,159,8.22,Safe
2113,22,28,14.24,Missing
2114,22,191,4.75,Safe
2115,22,417,14.46,Safe
2116,22,431,6.53,Safe
2117,22,427,13.22,Missing
2118,22,376,2.02,Delayed
2119,22,319,8.43,Safe
2120,22,140,6.75,Safe
2121,22,93,3.27,Missing
2122,22,295,10.57,Missing
2123,22,24,13.28,Safe
2124,22,183,8.63,Safe
2125,22,156,14.25,Safe
2126,22,488,7.42,Safe
2127,22,172,2.58,Safe
2128,22,363,11.78,Safe
2129,22,169,12.68,Safe
2130,22,31,2.77,Safe
2131,22,433,4.75,Safe
2132,22,84,7.99,Safe
2133,22,178,2.57,Missing
2134,22,76,12.1,Safe
2135,22,301,7.19,Safe
2136,22,347,14.88,Safe
2137,22,273,4.71,Safe
2138,22,204,5.04,Safe
2139,22,486,9.0,Delayed
2140,22,381,3.27,Safe
2141,22,429,13.1,Delayed
2142,22,342,4.35,Delayed
2143,22,108,14.33,Safe
2144,22,256,9.95,Delayed
2145,22,266,12.73,Safe
2146,22,270,10.72,Missing
2147,22,278,6.48,Safe
2148,22,360,10.34,Safe
2149,22,91,12.9,Delayed
2150,22,343,3.69,Delayed
2151,22,133,2.64,Safe
2152,22,412,14.65,Safe
2153,22,482,13.41,Safe
2154,22,359,13.61,Safe
2155,22,361,10.66,Safe
2156,22,169,2.69,Safe
2157,22,141,6.39,Safe
2158,22,462,5.59,Safe
2159,22,123,12.22,Safe
2160,22,287,3.58,Missing
2161,22,416,5.56,Safe
2162,22,367,7.83,Safe
2163,22,153,14.73,Safe
2164,22,34,13.22,Safe
2165,22,132,4.38,Delayed
2166,22,246,3.2,Safe
2167,22,289,13.53,Delayed
2168,22,298,9.94,Safe
2169,22,58,13.09,Safe
2170,22,325,14.44,Safe
2171,22,319,10.92,Safe
2172,22,312,5.85,Safe
2173,22,35,10.8,Delayed
2174,22,194,14.63,Safe
2175,22,175,3.06,Delayed
2176,22,43,3.7,Safe
2177,22,495,7.31,Safe
2178,22,304,5.05,Safe
2179,22,64,2.93,Safe
2180,22,53,11.61,Safe
2181,22,305,4.98,Delayed
2182,22,374,14.01,Safe
2183,22,124,3.34,Safe
2184,22,343,2.91,Safe
2185,22,305,8.0,Delayed
2186,22,485,8.96,Delayed
2187,22,121,8.84,Safe
2188,22,148,3.37,Safe
2189,22,268,5.28,Safe
2190,22,60,13.45,Safe
2191,22,94,10.75,Safe
2192,22,95,5.65,Safe
2193,22,198,2.58,Delayed
2194,22,397,2.38,Safe
2195,22,459,2.26,Safe
2196,22,317,6.04,Safe
2197,22,178,4.09,Delayed
2198,22,299,3.82,Safe
2199,22,420,4.65,Safe
2200,22,379,6.51,Safe
2201,23,463,7.22,Safe
2202,23,494,8.81,Safe
2203,23,498,5.41,Delayed
2204,23,422,13.55,Safe
2205,23,186,8.85,Safe
2206,23,469,8.61,Safe
2207,23,74,2.59,Safe
2208,23,347,3.14,Safe
2209,23,333,12.32,Safe
2210,23,294,11.2,Safe
2211,23,89,6.37,Safe
2212,23,143,9.33,Safe
2213,23,336,12.83,Safe
2214,23,465,6.63,Safe
2215,23,292,11.45,Delayed
2216,23,427,9.8,Safe
2217,23,375,10.32,Delayed
2218,23,40,12.26,Safe
2219,23,459,14.87,Safe
2220,23,398,2.59,Safe
2221,23,388,5.1,Delayed
2222,23,413,7.05,Safe
2223,23,79,7.43,Delayed
2224,23,89,14.3,Safe
2225,23,35,2.45,Safe
2226,23,331,11.86,Safe
2227,23,327,4.2,Safe
2228,23,283,12.19,Safe
2229,23,296,14.63,Missing
2230,23,6,14.11,Safe
2231,23,168,12.55,Safe
2232,23,234,5.25,Safe
2233,23,157,13.67,Delayed
2234,23,497,9.9,Safe
2235,23,135,10.78,Safe
2236,23,239,10.07,Missing
2237,23,140,14.32,Safe
2238,23,444,4.03,Safe
2239,23,275,12.96,Safe
2240,23,133,10.08,Safe
2241,23,210,6.01,Safe
2242,23,181,13.79,Safe
2243,23,114,8.63,Safe
2244,23,410,8.07,Safe
2245,23,345,2.56,Missing
2246,23,459,12.53,Safe
2247,23,304,8.72,Safe
2248,23,84,6.98,Safe
2249,23,271,12.4,Safe
2250,23,124,12.34,Missing
2251,23,423,8.58,Safe
2252,23,98,11.62,Safe
2253,23,404,8.47,Safe
2254,23,97,11.76,Delayed
2255,23,234,11.59,Delayed
2256,23,264,9.22,Safe
2257,23,378,12.91,Safe
2258,23,38,4.15,Safe
2259,23,217,11.82,Safe
2260,23,69,12.6,Safe
2261,23,285,2.96,Safe
2262,23,411,5.22,Safe
2263,23,486,6.39,Delayed
2264,23,438,6.04,Safe
2265,23,497,7.75,Safe
2266,23,71,2.65,Safe
2267,23,497,13.35,Safe
2268,23,77,7.88,Safe
2269,23,427,14.4,Safe
2270,23,197,5.32,Delayed
2271,23,306,9.65,Safe
2272,23,419,11.23,Safe
2273,23,203,2.21,Safe
2274,23,350,4.62,Safe
2275,23,494,9.32,Delayed
2276,23,293,11.03,Missing
2277,23,479,2.56,Safe
2278,23,397,14.02,Delayed
2279,23,177,5.23,Safe
2280,23,172,4.13,Delayed
2281,23,259,9.77,Safe
2282,23,476,5.81,Safe
2283,23,332,8.65,Safe
2284,23,102,9.87,Safe
2285,23,110,10.02,Safe
2286,23,412,3.94,Safe
2287,23,390,8.33,Safe
2288,23,190,9.16,Delayed
2289,23,104,10.83,Safe
2290,23,377,8.81,Safe
2291,23,268,14.86,Safe
2292,23,14,4.93,Delayed
2293,23,492,3.95,Safe
2294,23,131,2.79,Safe
2295,23,417,10.04,Safe
2296,23,497,6.72,Safe
2297,23,398,11.13,Safe
2298,23,137,9.95,Safe
2299,23,87,6.36,Safe
2300,23,284,3.81,Safe
2301,24,301,13.37,Safe
2302,24,489,12.87,Safe
2303,24,315,7.17,Delayed
2304,24,11,4.15,Safe
2305,24,353,5.41,Safe
2306,24,325,5.23,Delayed
2307,24,348,6.12,Delayed
2308,24,260,7.37,Safe
2309,24,307,13.28,Safe
2310,24,437,11.7,Safe
2311,24,121,5.56,Safe
2312,24,131,14.6,Safe
2313,24,155,2.01,Delayed
2314,24,100,14.05,Safe
2315,24,407,8.27,Safe
2316,24,140,10.8,Safe
2317,24,461,4.4,Safe
2318,24,310,12.99,Safe
2319,24,189,14.81,Safe
2320,24,260,10.46,Safe
2321,24,250,8.55,Delayed
2322,24,483,2.15,Safe
2323,24,98,6.98,Safe
2324,24,43,14.65,Safe
2325,24,315,10.91,Safe
2326,24,346,12.91,Safe
2327,24,116,10.13,Missing
2328,24,370,4.5,Missing
2329,24,465,3.24,Safe
2330,24,362,3.06,Safe
2331,24,82,7.14,Safe
2332,24,362,13.91,Safe
2333,24,10,2.43,Safe
2334,24,336,7.73,Delayed
2335,24,158,13.77,Safe
2336,24,372,4.94,Safe
2337,24,47,2.82,Safe
2338,24,77,8.44,Safe
2339,24,465,12.64,Safe
2340,24,301,5.25,Safe
2341,24,207,11.97,Delayed
2342,24,150,14.55,Safe
2343,24,483,13.75,Safe
2344,24,242,2.67,Delayed
2345,24,449,6.01,Safe
2346,24,288,11.32,Delayed
2347,24,275,3.29,Safe
2348,24,22,12.78,Safe
2349,24,482,11.34,Safe
2350,24,198,8.23,Safe
2351,24,500,11.28,Safe
2352,24,51,11.83,Delayed
2353,24,310,9.38,Safe
2354,24,186,2.43,Safe
2355,24,202,10.72,Delayed
2356,24,290,3.77,Safe
2357,24,393,10.12,Delayed
2358,24,40,3.89,Safe
2359,24,267,7.91,Delayed
2360,24,14,11.88,Safe
2361,24,27,10.42,Safe
2362,24,281,7.33,Safe
2363,24,290,7.03,Safe
2364,24,306,10.78,Safe
2365,24,32,12.92,Safe
2366,24,112,8.69,Safe
2367,24,315,4.63,Safe
2368,24,402,4.04,Safe
2369,24,475,6.24,Safe
2370,24,139,3.55,Safe
2371,24,14,7.38,Safe
2372,24,250,9.7,Safe
2373,24,487,8.44,Safe
2374,24,337,11.58,Safe
2375,24,421,11.41,Safe
2376,24,326,10.76,Safe
2377,24,55,7.17,Safe
2378,24,50,12.23,Safe
2379,24,483,8.96,Safe
2380,24,147,13.89,Safe
2381,24,308,3.62,Delayed
2382,24,265,5.11,Safe
2383,24,123,2.28,Missing
2384,24,184,7.58,Safe
2385,24,341,7.13,Safe
2386,24,198,3.91,Safe
2387,24,27,11.96,Safe
2388,24,401,9.55,Delayed
2389,24,187,5.89,Safe
2390,24,164,12.05,Safe
2391,24,40,10.5,Safe
2392,24,9,7.18,Safe
2393,24,289,9.24,Delayed
2394,24,472,13.18,Safe
2395,24,43,8.72,Safe
2396,24,216,9.17,Missing
2397,24,452,2.74,Safe
2398,24,106,3.26,Delayed
2399,24,323,8.73,Safe
2400,24,311,3.29,Safe
2401,25,50,10.91,Safe
2402,25,253,9.13,Safe
2403,25,162,3.43,Safe
2404,25,415,10.64,Safe
2405,25,84,12.93,Safe
2406,25,221,11.63,Safe
2407,25,377,10.97,Safe
2408,25,141,13.84,Delayed
2409,25,482,8.72,Safe
2410,25,292,4.38,Safe
2411,25,393,2.84,Safe
2412,25,324,8.96,Safe
2413,25,119,2.68,Safe
2414,25,235,6.27,Delayed
2415,25,206,8.02,Safe
2416,25,38,13.77,Safe
2417,25,28,5.17,Safe
2418,25,273,12.33,Safe
2419,25,47,10.72,Safe
2420,25,274,9.89,Safe
2421,25,461,7.73,Safe
2422,25,366,8.41,Safe
2423,25,176,3.36,Safe
2424,25,241,2.74,Safe
2425,25,377,12.32,Missing
2426,25,42,2.3,Safe
2427,25,361,8.33,Safe
2428,25,453,8.84,Delayed
2429,25,491,6.21,Safe
2430,25,106,12.98,Safe
2431,25,280,10.46,Safe
2432,25,53,8.46,Safe
2433,25,16,10.17,Safe
2434,25,34,10.59,Safe
2435,25,181,11.74,Safe
2436,25,147,5.3,Safe
2437,25,265,6.34,Safe
2438,25,293,5.17,Safe
2439,25,267,6.17,Safe
2440,25,192,12.75,Safe
2441,25,82,4.13,Safe
2442,25,149,8.16,Safe
2443,25,19,8.34,Safe
2444,25,423,9.37,Delayed
2445,25,364,10.44,Safe
2446,25,289,7.94,Safe
2447,25,216,10.26,Safe
2448,25,158,9.72,Safe
2449,25,73,4.07,Safe
2450,25,89,8.7,Safe
2451,25,454,7.95,Safe
2452,25,490,13.09,Delayed
2453,25,378,5.49,Safe
2454,25,396,12.29,Missing
2455,25,458,14.71,Safe
2456,25,23,3.14,Safe
2457,25,219,6.06,Delayed
2458,25,129,2.08,Safe
2459,25,171,11.45,Safe
2460,25,443,3.62,Safe
2461,25,381,13.74,Safe
2462,25,326,8.19,Delayed
2463,25,107,13.44,Safe
2464,25,371,5.03,Safe
2465,25,101,2.23,Safe
2466,25,319,15.0,Safe
2467,25,286,12.84,Delayed
2468,25,303,14.73,Delayed
2469,25,407,10.22,Safe
2470,25,352,3.95,Safe
2471,25,241,10.5,Delayed
2472,25,147,9.34,Safe
2473,25,11,2.92,Delayed
2474,25,219,3.7,Safe
2475,25,466,3.85,Delayed
2476,25,57,7.86,Safe
2477,25,491,2.06,Safe
2478,25,111,8.35,Safe
2479,25,227,7.99,Delayed
2480,25,440,3.5,Delayed
2481,25,9,4.15,Safe
2482,25,100,7.06,Delayed
2483,25,138,4.73,Safe
2484,25,267,10.55,Delayed
2485,25,20,4.71,Safe
2486,25,350,11.4,Delayed
2487,25,279,9.28,Safe
2488,25,425,9.95,Safe
2489,25,386,9.29,Safe
2490,25,142,9.95,Delayed
2491,25,343,14.68,Safe
2492,25,167,10.08,Safe
2493,25,278,9.7,Safe
2494,25,296,2.16,Safe
2495,25,424,5.48,Safe
2496,25,118,2.11,Safe
2497,25,390,12.02,Safe
2498,25,254,5.47,Delayed
2499,25,497,4.79,Safe
2500,25,488,5.08,Safe
2501,26,472,5.67,Safe
2502,26,283,4.69,Delayed
2503,26,78,5.93,Safe
2504,26,355,12.27,Safe
2505,26,276,6.31,Safe
2506,26,437,4.3,Delayed
2507,26,114,9.81,Delayed
2508,26,297,6.62,Safe
2509,26,468,2.49,Safe
2510,26,240,14.94,Safe
2511,26,175,12.85,Safe
2512,26,459,9.53,Safe
2513,26,464,5.0,Missing
2514,26,42,11.67,Safe
2515,26,472,8.2,Safe
2516,26,278,3.4,Safe
2517,26,50,12.27,Safe
2518,26,340,2.74,Safe
2519,26,331,5.14,Safe
2520,26,313,2.89,Safe
2521,26,476,9.09,Safe
2522,26,80,12.78,Safe
2523,26,426,2.05,Safe
2524,26,150,11.79,Safe
2525,26,385,13.06,Safe
2526,26,257,3.0,Safe
2527,26,431,14.12,Safe
2528,26,42,3.45,Missing
2529,26,2,8.54,Delayed
2530,26,165,3.22,Safe
2531,26,6,2.02,Safe
2532,26,389,6.28,Safe
2533,26,36,5.03,Safe
2534,26,298,12.9,Safe
2535,26,494,2.43,Safe
2536,26,87,9.22,Delayed
2537,26,373,12.69,Safe
2538,26,204,7.66,Safe
2539,26,207,4.47,Safe
2540,26,327,2.66,Safe
2541,26,147,4.5,Safe
2542,26,321,12.28,Safe
2543,26,72,5.18,Safe
2544,26,491,10.62,Safe
2545,26,141,4.98,Safe
2546,26,94,7.95,Safe
2547,26,322,12.36,Safe
2548,26,423,3.51,Safe
2549,26,229,12.13,Safe
2550,26,160,9.71,Delayed
2551,26,473,6.22,Safe
2552,26,234,10.43,Safe
2553,26,320,10.61,Safe
2554,26,422,9.96,Delayed
2555,26,185,7.37,Safe
2556,26,261,6.05,Safe
2557,26,478,3.96,Safe
2558,26,223,9.5,Safe
2559,26,331,13.34,Safe
2560,26,325,12.39,Delayed
2561,26,195,7.35,Delayed
2562,26,387,12.42,Delayed
2563,26,192,2.56,Safe
2564,26,2,12.41,Safe
2565,26,54,14.16,Delayed
2566,26,107,14.47,Delayed
2567,26,48,8.43,Safe
2568,26,23,13.3,Safe
2569,26,55,14.97,Safe
2570,26,96,5.54,Safe
2571,26,47,12.51,Safe
2572,26,30,6.94,Missing
2573,26,362,8.47,Safe
2574,26,346,3.19,Safe
2575,26,315,12.08,Safe
2576,26,487,7.15,Safe
2577,26,359,9.52,Safe
2578,26,202,2.7,Safe
2579,26,251,7.8,Safe
2580,26,486,7.62,Safe
2581,26,287,14.88,Safe
2582,26,457,12.92,Delayed
2583,26,98,8.13,Delayed
2584,26,444,3.13,Safe
2585,26,461,13.09,Safe
2586,26,303,10.37,Safe
2587,26,58,3.68,Delayed
2588,26,144,3.12,Safe
2589,26,219,9.81,Safe
2590,26,163,7.71,Safe
2591,26,49,14.15,Safe
2592,26,90,4.83,Safe
2593,26,377,14.98,Safe
2594,26,61,8.19,Safe
2595,26,95,10.03,Safe
2596,26,338,9.18,Safe
2597,26,219,6.97,Safe
2598,26,342,9.1,Safe
2599,26,189,6.08,Safe
2600,26,52,6.23,Safe
2601,27,17,5.1,Delayed
2602,27,303,11.33,Safe
2603,27,111,13.53,Safe
2604,27,266,14.98,Safe
2605,27,401,9.85,Safe
2606,27,75,4.87,Safe
2607,27,37,12.99,Safe
2608,27,181,2.58,Safe
2609,27,241,6.71,Safe
2610,27,287,6.64,Delayed
2611,27,206,14.61,Delayed
2612,27,436,11.83,Safe
2613,27,285,7.48,Safe
2614,27,382,8.16,Safe
2615,27,244,5.76,Safe
2616,27,430,8.24,Delayed
2617,27,399,4.78,Safe
2618,27,467,8.7,Safe
2619,27,466,6.55,Safe
2620,27,191,10.06,Safe
2621,27,246,13.98,Safe
2622,27,333,13.32,Safe
2623,27,361,14.08,Safe
2624,27,316,12.5,Delayed
2625,27,178,13.83,Safe
2626,27,281,2.76,Safe
2627,27,135,6.65,Delayed
2628,27,223,12.65,Delayed
2629,27,426,11.79,Safe
2630,27,232,6.36,Safe
2631,27,363,10.5,Delayed
2632,27,224,3.26,Safe
2633,27,304,6.47,Safe
2634,27,423,4.01,Safe
2635,27,61,13.91,Safe
2636,27,30,12.84,Delayed
2637,27,477,3.42,Delayed
2638,27,48,6.15,Missing
2639,27,141,2.44,Safe
2640,27,320,10.78,Safe
2641,27,376,10.07,Delayed
2642,27,262,4.81,Delayed
2643,27,181,2.13,Safe
2644,27,446,13.63,Delayed
2645,27,20,2.11,Missing
2646,27,378,3.19,Safe
2647,27,488,8.72,Safe
2648,27,106,7.53,Delayed
2649,27,113,10.84,Safe
2650,27,22,5.28,Safe
2651,27,142,7.81,Safe
2652,27,477,2.09,Safe
2653,27,388,4.0,Safe
2654,27,177,13.38,Delayed
2655,27,142,2.81,Safe
2656,27,155,7.55,Safe
2657,27,345,13.66,Safe
2658,27,86,3.6,Delayed
2659,27,283,8.6,Safe
2660,27,2,10.98,Safe
2661,27,108,2.38,Missing
2662,27,164,12.79,Safe
2663,27,409,7.43,Safe
2664,27,191,7.92,Safe
2665,27,264,3.28,Safe
2666,27,388,7.84,Safe
2667,27,191,5.03,Safe
2668,27,352,12.99,Safe
2669,27,29,8.82,Safe
2670,27,120,11.65,Safe
2671,27,181,13.62,Safe
2672,27,227,2.17,Safe
2673,27,236,10.02,Safe
2674,27,341,8.77,Safe
2675,27,453,13.98,Safe
2676,27,401,3.74,Delayed
2677,27,146,8.48,Safe
2678,27,335,12.1,Safe
2679,27,350,11.35,Safe
2680,27,16,4.82,Safe
2681,27,137,11.01,Delayed
2682,27,115,6.94,Safe
2683,27,362,7.59,Delayed
2684,27,322,8.74,Safe
2685,27,302,9.44,Missing
2686,27,102,8.69,Safe
2687,27,452,11.78,Safe
2688,27,355,8.13,Safe
2689,27,450,6.84,Delayed
2690,27,94,9.33,Delayed
2691,27,346,14.59,Delayed
2692,27,388,9.16,Safe
2693,27,147,9.0,Delayed
2694,27,415,11.31,Safe
2695,27,320,14.16,Safe
2696,27,253,14.89,Safe
2697,27,390,13.42,Safe
2698,27,488,10.57,Safe
2699,27,384,6.67,Safe
2700,27,73,3.69,Safe
2701,28,380,11.43,Safe
2702,28,15,7.48,Safe
2703,28,372,6.16,Safe
2704,28,55,10.56,Safe
2705,28,361,12.7,Safe
2706,28,448,3.58,Safe
2707,28,39,5.72,Delayed
2708,28,60,9.96,Safe
2709,28,97,11.86,Safe
2710,28,314,11.48,Safe
2711,28,137,6.46,Safe
2712,28,329,14.01,Safe
2713,28,83,3.35,Safe
2714,28,487,13.39,Safe
2715,28,384,14.81,Safe
2716,28,106,14.25,Safe
2717,28,431,4.42,Safe
2718,28,80,12.57,Safe
2719,28,78,6.39,Safe
2720,28,380,3.0,Safe
2721,28,438,5.23,Safe
2722,28,93,14.68,Safe
2723,28,204,5.9,Safe
2724,28,134,4.63,Safe
2725,28,281,11.88,Safe
2726,28,494,2.59,Safe
2727,28,161,11.27,Safe
2728,28,252,8.26,Safe
2729,28,224,5.55,Safe
2730,28,458,7.5,Safe
2731,28,372,8.43,Safe
2732,28,286,3.27,Safe
2733,28,348,5.18,Safe
2734,28,154,5.64,Safe
2735,28,236,13.34,Safe
2736,28,474,6.28,Safe
2737,28,368,4.5,Safe
2738,28,498,8.12,Safe
2739,28,196,12.09,Safe
2740,28,254,13.0,Safe
2741,28,379,2.5,Safe
2742,28,430,11.06,Safe
2743,28,79,4.49,Safe
2744,28,6,2.31,Safe
2745,28,426,4.92,Safe
2746,28,208,5.07,Safe
2747,28,63,4.58,Missing
2748,28,339,4.82,Safe
2749,28,426,13.95,Missing
2750,28,440,3.03,Safe
2751,28,387,7.22,Safe
2752,28,176,11.86,Safe
2753,28,378,7.62,Delayed
2754,28,52,8.59,Safe
2755,28,38,7.49,Safe
2756,28,364,2.51,Safe
2757,28,339,3.58,Safe
2758,28,48,14.75,Safe
2759,28,51,9.57,Delayed
2760,28,307,11.49,Delayed
2761,28,92,4.81,Safe
2762,28,446,10.17,Safe
2763,28,481,3.26,Missing
2764,28,342,5.63,Safe
2765,28,404,3.32,Safe
2766,28,220,2.91,Safe
2767,28,418,9.08,Safe
2768,28,258,11.42,Missing
2769,28,402,2.1,Safe
2770,28,183,3.29,Delayed
2771,28,241,4.86,Safe
2772,28,111,4.96,Safe
2773,28,329,9.99,Delayed
2774,28,77,4.2,Safe
2775,28,383,13.97,Safe
2776,28,62,10.65,Safe
2777,28,294,12.33,Safe
2778,28,392,5.94,Safe
2779,28,77,14.1,Safe
2780,28,46,12.01,Safe
2781,28,196,3.61,Safe
2782,28,43,3.2,Safe
2783,28,51,2.6,Safe
2784,28,185,7.99,Safe
2785,28,52,4.19,Safe
2786,28,39,7.38,Safe
2787,28,195,14.89,Safe
2788,28,416,15.0,Missing
2789,28,308,5.07,Safe
2790,28,263,7.42,Safe
2791,28,414,11.79,Safe
2792,28,171,5.71,Safe
2793,28,79,5.48,Safe
2794,28,433,12.26,Safe
2795,28,366,13.7,Safe
2796,28,473,4.12,Safe
2797,28,132,4.16,Safe
2798,28,378,9.88,Safe
2799,28,312,7.81,Safe
2800,28,300,2.32,Delayed
2801,29,472,8.19,Safe
2802,29,250,3.76,Safe
2803,29,157,8.17,Safe
2804,29,186,7.67,Safe
2805,29,164,11.72,Safe
2806,29,225,14.57,Safe
2807,29,214,10.11,Safe
2808,29,205,4.51,Safe
2809,29,131,14.61,Safe
2810,29,94,13.28,Safe
2811,29,133,12.42,Safe
2812,29,420,11.36,Safe
2813,29,19,10.79,Safe
2814,29,11,7.83,Delayed
2815,29,354,2.55,Safe
2816,29,214,3.65,Safe
2817,29,381,7.98,Safe
2818,29,124,3.66,Safe
2819,29,336,12.08,Safe
2820,29,26,3.03,Safe
2821,29,121,9.56,Safe
2822,29,34,4.96,Safe
2823,29,159,10.65,Safe
2824,29,326,8.54,Safe
2825,29,130,7.9,Safe
2826,29,18,14.65,Safe
2827,29,410,8.17,Missing
2828,29,118,13.5,Delayed
2829,29,393,12.15,Safe
2830,29,168,11.2,Delayed
2831,29,479,6.09,Safe
2832,29,460,9.2,Safe
2833,29,340,9.68,Safe
2834,29,415,5.14,Delayed
2835,29,323,14.08,Safe
2836,29,496,5.14,Safe
2837,29,185,9.32,Safe
2838,29,445,6.9,Safe
2839,29,383,10.61,Safe
2840,29,393,3.75,Safe
2841,29,323,3.68,Safe
2842,29,216,5.8,Safe
2843,29,343,13.96,Safe
2844,29,368,11.72,Safe
2845,29,392,10.09,Safe
2846,29,198,5.26,Safe
2847,29,260,12.93,Safe
2848,29,8,2.14,Safe
2849,29,309,8.93,Safe
2850,29,241,13.39,Safe
2851,29,482,12.71,Safe
2852,29,305,12.7,Safe
2853,29,202,6.74,Delayed
2854,29,288,9.49,Safe
2855,29,36,4.27,Delayed
2856,29,256,12.54,Safe
2857,29,365,8.28,Safe
2858,29,417,4.04,Safe
2859,29,22,4.32,Delayed
2860,29,232,7.88,Safe
2861,29,197,5.97,Safe
2862,29,256,8.75,Safe
2863,29,357,7.0,Safe
2864,29,104,3.37,Safe
2865,29,59,3.55,Safe
2866,29,270,3.02,Delayed
2867,29,8,12.27,Safe
2868,29,376,4.47,Safe
2869,29,224,6.78,Safe
2870,29,487,7.71,Delayed
2871,29,102,13.83,Delayed
2872,29,347,7.79,Safe
2873,29,41,5.65,Missing
2874,29,337,10.57,Safe
2875,29,417,13.32,Safe
2876,29,417,7.78,Safe
2877,29,224,10.71,Safe
2878,29,106,7.07,Delayed
2879,29,201,3.14,Safe
2880,29,110,10.36,Safe
2881,29,262,4.29,Safe
2882,29,108,2.57,Safe
2883,29,52,12.05,Safe
2884,29,54,10.5,Safe
2885,29,460,10.42,Safe
2886,29,63,13.12,Safe
2887,29,125,7.71,Delayed
2888,29,430,9.06,Safe
2889,29,177,7.01,Safe
2890,29,133,12.57,Safe
2891,29,73,9.64,Missing
2892,29,45,13.56,Safe
2893,29,84,13.95,Safe
2894,29,100,3.89,Safe
2895,29,150,8.68,Safe
2896,29,198,4.93,Safe
2897,29,200,4.6,Safe
2898,29,331,2.56,Safe
2899,29,170,3.63,Delayed
2900,29,229,6.94,Delayed
2901,30,134,14.65,Missing
2902,30,340,7.99,Safe
2903,30,376,14.0,Safe
2904,30,319,11.72,Safe
2905,30,214,5.78,Missing
2906,30,165,8.79,Safe
2907,30,92,2.45,Delayed
2908,30,272,4.16,Delayed
2909,30,320,2.57,Safe
2910,30,420,14.13,Safe
2911,30,190,14.19,Delayed
2912,30,157,12.55,Safe
2913,30,183,5.18,Safe
2914,30,389,7.53,Safe
2915,30,24,2.66,Safe
2916,30,178,12.46,Safe
2917,30,390,10.61,Safe
2918,30,67,4.69,Safe
2919,30,251,10.58,Safe
2920,30,332,13.81,Safe
2921,30,458,8.21,Missing
2922,30,147,3.33,Safe
2923,30,16,7.29,Safe
2924,30,341,14.35,Safe
2925,30,105,11.67,Delayed
2926,30,42,8.52,Safe
2927,30,80,10.87,Safe
2928,30,278,9.23,Safe
2929,30,237,13.33,Safe
2930,30,398,2.32,Safe
2931,30,285,9.15,Delayed
2932,30,335,7.46,Missing
2933,30,119,9.99,Safe
2934,30,352,11.03,Safe
2935,30,499,2.38,Safe
2936,30,259,4.07,Safe
2937,30,248,8.0,Safe
2938,30,98,14.14,Safe
2939,30,3,5.4,Safe
2940,30,125,5.53,Safe
2941,30,415,3.32,Safe
2942,30,360,14.74,Safe
2943,30,49,8.54,Safe
2944,30,391,7.18,Safe
2945,30,149,10.09,Delayed
2946,30,485,10.88,Safe
2947,30,172,13.34,Safe
2948,30,323,10.8,Safe
2949,30,326,3.61,Safe
2950,30,40,13.06,Safe
2951,30,387,9.45,Safe
2952,30,239,4.72,Safe
2953,30,426,6.03,Safe
2954,30,293,10.11,Safe
2955,30,457,12.28,Safe
2956,30,308,14.35,Safe
2957,30,416,13.55,Safe
2958,30,111,10.09,Safe
2959,30,289,7.76,Safe
2960,30,70,5.31,Safe
2961,30,447,10.79,Safe
2962,30,56,10.92,Safe
2963,30,253,6.9,Safe
2964,30,354,9.87,Safe
2965,30,326,12.57,Safe
2966,30,426,3.38,Safe
2967,30,331,14.72,Safe
2968,30,353,12.28,Safe
2969,30,387,7.43,Safe
2970,30,468,11.76,Safe
2971,30,190,7.86,Safe
2972,30,466,9.74,Delayed
2973,30,46,2.07,Safe
2974,30,447,14.97,Safe
2975,30,332,5.69,Safe
2976,30,64,10.53,Safe
2977,30,204,10.55,Safe
2978,30,219,10.05,Safe
2979,30,304,10.02,Safe
2980,30,272,11.25,Safe
2981,30,288,13.68,Safe
2982,30,446,10.9,Missing
2983,30,387,9.56,Safe
2984,30,380,8.9,Safe
2985,30,210,5.85,Safe
2986,30,429,6.46,Safe
2987,30,16,2.4,Safe
2988,30,132,3.28,Safe
2989,30,233,12.26,Safe
2990,30,302,5.24,Safe
2991,30,133,10.36,Missing
2992,30,108,13.97,Safe
2993,30,401,7.68,Safe
2994,30,414,5.9,Safe
2995,30,174,7.35,Safe
2996,30,238,3.6,Safe
2997,30,474,4.64,Safe
2998,30,36,8.38,Safe
2999,30,114,9.59,Safe
3000,30,322,10.02,Safe
3001,31,464,6.63,Safe
3002,31,341,2.5,Safe
3003,31,339,6.0,Missing
3004,31,340,5.38,Safe
3005,31,422,2.8,Safe
3006,31,200,6.56,Safe
3007,31,374,10.02,Missing
3008,31,487,4.46,Safe
3009,31,399,7.57,Safe
3010,31,441,6.08,Safe
3011,31,399,14.71,Safe
3012,31,9,7.07,Safe
3013,31,241,9.25,Safe
3014,31,266,9.94,Delayed
3015,31,223,10.2,Safe
3016,31,382,11.55,Delayed
3017,31,326,8.76,Safe
3018,31,84,4.0,Safe
3019,31,32,9.7,Safe
3020,31,465,3.06,Missing
3021,31,270,11.7,Delayed
3022,31,363,13.19,Safe
3023,31,149,13.34,Delayed
3024,31,270,9.18,Safe
3025,31,24,2.43,Safe
3026,31,431,11.41,Safe
3027,31,4,9.56,Safe
3028,31,13,4.43,Missing
3029,31,206,7.24,Safe
3030,31,357,4.94,Safe
3031,31,453,14.87,Safe
3032,31,467,10.59,Safe
3033,31,310,12.73,Safe
3034,31,214,14.65,Safe
3035,31,46,6.03,Safe
3036,31,423,13.67,Safe
3037,31,290,13.48,Delayed
3038,31,89,7.62,Safe
3039,31,463,5.34,Safe
3040,31,458,14.0,Safe
3041,31,173,10.31,Safe
3042,31,481,10.7,Safe
3043,31,261,13.05,Safe
3044,31,379,14.21,Safe
3045,31,433,2.01,Delayed
3046,31,52,10.56,Delayed
3047,31,42,4.5,Delayed
3048,31,452,4.29,Safe
3049,31,372,5.42,Safe
3050,31,500,8.3,Safe
3051,31,12,5.8,Safe
3052,31,100,12.44,Safe
3053,31,354,10.53,Delayed
3054,31,395,3.45,Safe
3055,31,194,11.21,Safe
3056,31,275,14.44,Safe
3057,31,424,10.81,Safe
3058,31,490,14.22,Safe
3059,31,266,12.14,Safe
3060,31,19,11.68,Safe
3061,31,495,8.56,Missing
3062,31,475,13.49,Safe
3063,31,93,14.23,Safe
3064,31,315,12.62,Safe
3065,31,171,14.94,Missing
3066,31,236,10.91,Safe
3067,31,229,14.98,Delayed
3068,31,287,2.59,Safe
3069,31,147,6.74,Safe
3070,31,321,4.12,Safe
3071,31,323,10.86,Missing
3072,31,291,11.55,Delayed
3073,31,387,13.33,Missing
3074,31,383,2.04,Safe
3075,31,337,13.73,Delayed
3076,31,58,5.03,Safe
3077,31,104,11.3,Safe
3078,31,334,13.99,Safe
3079,31,138,11.75,Delayed
3080,31,353,2.3,Safe
3081,31,82,4.4,Missing
3082,31,142,10.35,Safe
3083,31,62,14.93,Safe
3084,31,213,10.35,Safe
3085,31,235,6.69,Safe
3086,31,53,6.91,Safe
3087,31,163,5.79,Delayed
3088,31,333,10.26,Safe
3089,31,242,3.83,Safe
3090,31,207,14.59,Safe
3091,31,5,14.38,Delayed
3092,31,148,12.7,Delayed
3093,31,269,9.25,Delayed
3094,31,62,12.72,Safe
3095,31,27,2.91,Safe
3096,31,436,8.3,Safe
3097,31,45,8.18,Safe
3098,31,287,9.44,Safe
3099,31,289,14.31,Safe
3100,31,477,3.04,Safe
3101,32,477,3.44,Delayed
3102,32,17,14.84,Safe
3103,32,434,10.82,Delayed
3104,32,196,7.05,Missing
3105,32,158,3.93,Safe
3106,32,216,10.27,Safe
3107,32,243,8.53,Safe
3108,32,129,5.91,Safe
3109,32,101,5.04,Safe
3110,32,288,4.58,Delayed
3111,32,215,6.36,Safe
3112,32,19,9.78,Safe
3113,32,246,10.97,Safe
3114,32,213,10.07,Missing
3115,32,137,11.65,Safe
3116,32,497,9.28,Safe
3117,32,9,12.08,Safe
3118,32,114,11.58,Safe
3119,32,276,12.59,Safe
3120,32,116,10.19,Safe
3121,32,209,8.31,Delayed
3122,32,489,14.15,Safe
3123,32,14,11.6,Delayed
3124,32,37,8.37,Safe
3125,32,248,6.24,Safe
3126,32,203,6.3,Safe
3127,32,254,5.26,Safe
3128,32,214,6.64,Safe
3129,32,494,6.13,Safe
3130,32,238,14.85,Safe
3131,32,419,8.41,Safe
3132,32,67,6.38,Safe
3133,32,447,11.54,Delayed
3134,32,1,7.95,Safe
3135,32,3,9.79,Delayed
3136,32,476,4.65,Safe
3137,32,478,4.49,Safe
3138,32,326,7.51,Missing
3139,32,448,3.04,Safe
3140,32,37,4.54,Delayed
3141,32,482,6.3,Safe
3142,32,146,13.6,Safe
3143,32,157,8.99,Safe
3144,32,435,11.64,Safe
3145,32,67,11.49,Safe
3146,32,293,6.35,Missing
3147,32,469,9.43,Safe
3148,32,500,2.75,Safe
3149,32,169,9.39,Delayed
3150,32,462,8.64,Safe
3151,32,189,12.05,Safe
3152,32,10,3.74,Safe
3153,32,36,2.7,Missing
3154,32,123,7.85,Safe
3155,32,187,14.96,Safe
3156,32,125,11.75,Delayed
3157,32,350,8.08,Delayed
3158,32,282,7.7,Safe
3159,32,149,11.31,Safe
3160,32,449,10.31,Safe
3161,32,55,8.45,Safe
3162,32,210,4.64,Safe
3163,32,251,5.62,Safe
3164,32,490,5.27,Safe
3165,32,312,10.7,Safe
3166,32,381,13.18,Missing
3167,32,385,6.01,Safe
3168,32,339,4.22,Delayed
3169,32,262,4.28,Safe
3170,32,163,8.59,Safe
3171,32,107,8.4,Safe
3172,32,276,8.34,Missing
3173,32,306,10.5,Delayed
3174,32,61,7.09,Delayed
3175,32,486,9.37,Safe
3176,32,278,9.15,Safe
3177,32,14,11.06,Safe
3178,32,482,10.36,Delayed
3179,32,142,8.97,Safe
3180,32,219,10.71,Safe
3181,32,87,7.33,Safe
3182,32,48,10.17,Safe
3183,32,482,2.55,Safe
3184,32,267,4.81,Safe
3185,32,8,8.12,Delayed
3186,32,33,8.48,Safe
3187,32,393,13.28,Safe
3188,32,69,5.51,Missing
3189,32,155,11.58,Safe
3190,32,37,11.62,Safe
3191,32,27,2.84,Safe
3192,32,455,13.82,Safe
3193,32,336,4.7,Safe
3194,32,299,5.03,Safe
3195,32,201,5.56,Safe
3196,32,373,7.48,Delayed
3197,32,413,10.92,Safe
3198,32,77,5.18,Safe
3199,32,217,3.26,Missing
3200,32,301,9.52,Safe
3201,33,356,4.61,Safe
3202,33,418,5.66,Safe
3203,33,487,2.51,Safe
3204,33,235,12.14,Safe
3205,33,432,5.7,Safe
3206,33,243,2.22,Safe
3207,33,39,11.1,Missing
3208,33,340,14.45,Safe
3209,33,336,14.74,Safe
3210,33,451,8.99,Safe
3211,33,323,12.24,Safe
3212,33,55,2.51,Delayed
3213,33,14,4.81,Delayed
3214,33,148,10.92,Safe
3215,33,80,14.35,Safe
3216,33,136,6.56,Safe
3217,33,498,9.05,Safe
3218,33,331,2.87,Missing
3219,33,232,2.99,Safe
3220,33,151,9.48,Delayed
3221,33,344,8.45,Safe
3222,33,24,13.7,Missing
3223,33,273,5.44,Safe
3224,33,465,7.96,Safe
3225,33,315,9.6,Safe
3226,33,36,2.98,Delayed
3227,33,399,8.09,Delayed
3228,33,247,12.17,Safe
3229,33,406,2.68,Safe
3230,33,107,13.32,Safe
3231,33,33,9.32,Safe
3232,33,316,8.72,Safe
3233,33,302,14.67,Safe
3234,33,52,11.56,Safe
3235,33,178,11.29,Delayed
3236,33,116,7.67,Safe
3237,33,304,6.75,Safe
3238,33,206,4.02,Delayed
3239,33,425,7.33,Safe
3240,33,385,5.93,Safe
3241,33,423,11.45,Safe
3242,33,92,14.97,Safe
3243,33,210,8.06,Safe
3244,33,45,3.03,Safe
3245,33,369,9.26,Safe
3246,33,26,6.53,Safe
3247,33,202,11.04,Safe
3248,33,15,5.38,Safe
3249,33,420,2.57,Safe
3250,33,65,12.81,Safe
3251,33,388,13.11,Safe
3252,33,147,4.53,Safe
3253,33,189,13.19,Missing
3254,33,183,13.72,Delayed
3255,33,434,3.84,Safe
3256,33,35,11.64,Safe
3257,33,204,12.25,Delayed
3258,33,411,6.14,Safe
3259,33,473,11.31,Safe
3260,33,107,8.36,Safe
3261,33,273,7.9,Safe
3262,33,264,8.05,Safe
3263,33,66,11.4,Safe
3264,33,95,5.36,Safe
3265,33,326,6.47,Safe
3266,33,184,4.92,Safe
3267,33,397,12.28,Safe
3268,33,80,3.49,Safe
3269,33,310,12.0,Safe
3270,33,238,10.61,Safe
3271,33,377,8.4,Safe
3272,33,458,8.93,Safe
3273,33,318,11.82,Safe
3274,33,10,6.78,Delayed
3275,33,7,13.25,Safe
3276,33,400,13.03,Safe
3277,33,14,4.98,Safe
3278,33,67,12.46,Safe
3279,33,373,5.74,Safe
3280,33,345,3.79,Delayed
3281,33,341,12.53,Safe
3282,33,89,5.02,Safe
3283,33,29,12.35,Safe
3284,33,408,10.01,Safe
3285,33,254,12.78,Safe
3286,33,451,2.37,Safe
3287,33,335,14.76,Safe
3288,33,113,2.76,Delayed
3289,33,317,8.6,Safe
3290,33,104,3.39,Safe
3291,33,260,2.24,Safe
3292,33,76,12.02,Safe
3293,33,246,5.63,Missing
3294,33,425,11.7,Safe
3295,33,91,14.83,Safe
3296,33,251,6.43,Delayed
3297,33,351,2.27,Safe
3298,33,268,11.37,Safe
3299,33,154,10.37,Safe
3300,33,341,10.81,Safe
3301,34,478,11.86,Safe
3302,34,472,14.14,Safe
3303,34,405,4.68,Safe
3304,34,409,12.89,Safe
3305,34,160,6.82,Safe
3306,34,145,2.53,Safe
3307,34,439,7.76,Safe
3308,34,98,5.49,Delayed
3309,34,384,14.14,Missing
3310,34,396,6.56,Safe
3311,34,455,8.0,Safe
3312,34,113,8.99,Safe
3313,34,392,11.98,Safe
3314,34,246,14.09,Safe
3315,34,187,13.12,Safe
3316,34,202,11.08,Safe
3317,34,336,9.32,Safe
3318,34,388,8.48,Safe
3319,34,313,6.02,Missing
3320,34,342,11.0,Safe
3321,34,195,3.33,Safe
3322,34,344,12.71,Safe
3323,34,236,10.52,Safe
3324,34,234,14.82,Delayed
3325,34,361,7.07,Safe
3326,34,289,2.29,Safe
3327,34,201,2.87,Safe
3328,34,216,12.19,Safe
3329,34,114,13.12,Safe
3330,34,9,8.45,Safe
3331,34,90,6.34,Delayed
3332,34,232,7.94,Safe
3333,34,293,4.56,Safe
3334,34,73,9.38,Safe
3335,34,477,2.73,Delayed
3336,34,54,7.66,Safe
3337,34,225,14.03,Safe
3338,34,242,8.51,Safe
3339,34,497,11.61,Delayed
3340,34,168,13.17,Safe
3341,34,32,8.53,Safe
3342,34,23,14.98,Safe
3343,34,85,8.78,Safe
3344,34,26,11.36,Safe
3345,34,449,4.87,Safe
3346,34,473,11.44,Safe
3347,34,418,11.33,Safe
3348,34,473,10.32,Safe
3349,34,3,14.79,Safe
3350,34,98,6.81,Safe
3351,34,294,13.16,Delayed
3352,34,362,8.67,Safe
3353,34,141,6.31,Safe
3354,34,169,5.48,Safe
3355,34,180,4.85,Safe
3356,34,358,2.85,Safe
3357,34,219,13.63,Missing
3358,34,55,14.48,Safe
3359,34,49,3.91,Safe
3360,34,329,4.98,Safe
3361,34,259,2.05,Safe
3362,34,381,9.51,Delayed
3363,34,148,3.19,Safe
3364,34,450,4.61,Delayed
3365,34,80,14.46,Delayed
3366,34,63,9.86,Delayed
3367,34,138,2.45,Safe
3368,34,161,6.51,Safe
3369,34,388,4.57,Safe
3370,34,234,4.56,Safe
3371,34,203,9.79,Safe
3372,34,163,3.16,Delayed
3373,34,80,8.41,Safe
3374,34,228,10.65,Delayed
3375,34,39,12.76,Safe
3376,34,35,3.72,Safe
3377,34,1,4.95,Safe
3378,34,201,8.33,Safe
3379,34,309,10.56,Safe
3380,34,191,6.45,Safe
3381,34,386,8.85,Delayed
3382,34,6,13.96,Safe
3383,34,500,12.66,Safe
3384,34,213,12.99,Safe
3385,34,40,13.6,Safe
3386,34,50,14.98,Missing
3387,34,360,14.78,Delayed
3388,34,307,2.26,Safe
3389,34,268,3.12,Safe
3390,34,494,13.35,Safe
3391,34,213,14.47,Safe
3392,34,465,9.09,Safe
3393,34,31,5.51,Delayed
3394,34,315,9.51,Safe
3395,34,427,14.82,Safe
3396,34,77,12.33,Safe
3397,34,404,12.46,Safe
3398,34,258,11.52,Safe
3399,34,485,10.09,Safe
3400,34,30,7.23,Missing
3401,35,131,8.63,Safe
3402,35,359,10.4,Safe
3403,35,292,2.52,Safe
3404,35,486,12.76,Safe
3405,35,456,11.6,Safe
3406,35,235,4.48,Delayed
3407,35,38,14.94,Safe
3408,35,368,7.58,Safe
3409,35,306,5.37,Safe
3410,35,340,12.62,Safe
3411,35,12,10.43,Safe
3412,35,471,6.72,Safe
3413,35,185,3.87,Delayed
3414,35,307,5.21,Safe
3415,35,323,5.41,Safe
3416,35,393,14.39,Safe
3417,35,465,3.35,Safe
3418,35,56,10.13,Safe
3419,35,194,7.81,Safe
3420,35,423,5.68,Safe
3421,35,51,7.92,Safe
3422,35,308,12.42,Safe
3423,35,319,9.84,Safe
3424,35,52,14.15,Safe
3425,35,437,13.57,Missing
3426,35,327,12.99,Safe
3427,35,387,13.76,Safe
3428,35,284,9.8,Safe
3429,35,353,11.3,Safe
3430,35,220,6.14,Safe
3431,35,331,8.84,Safe
3432,35,40,6.93,Delayed
3433,35,136,11.47,Safe
3434,35,158,12.99,Safe
3435,35,450,7.88,Safe
3436,35,93,10.73,Safe
3437,35,22,2.47,Safe
3438,35,340,12.08,Delayed
3439,35,76,5.61,Safe
3440,35,331,9.93,Safe
3441,35,276,5.14,Safe
3442,35,191,13.75,Missing
3443,35,169,7.31,Delayed
3444,35,244,11.51,Missing
3445,35,248,7.79,Safe
3446,35,69,9.57,Delayed
3447,35,116,13.87,Missing
3448,35,339,14.73,Safe
3449,35,360,11.78,Missing
3450,35,30,3.49,Safe
3451,35,387,10.68,Safe
3452,35,47,6.22,Safe
3453,35,193,7.36,Safe
3454,35,15,11.99,Safe
3455,35,230,4.42,Safe
3456,35,88,3.36,Safe
3457,35,146,2.97,Safe
3458,35,142,13.76,Safe
3459,35,443,4.39,Safe
3460,35,444,11.98,Safe
3461,35,168,6.8,Safe
3462,35,265,10.78,Safe
3463,35,100,13.9,Safe
3464,35,304,6.58,Safe
3465,35,387,9.51,Safe
3466,35,11,6.21,Safe
3467,35,138,2.37,Delayed
3468,35,272,13.93,Safe
3469,35,435,5.84,Safe
3470,35,425,12.89,Safe
3471,35,163,2.89,Safe
3472,35,352,2.48,Safe
3473,35,380,14.63,Safe
3474,35,187,3.76,Safe
3475,35,196,4.98,Safe
3476,35,443,6.39,Safe
3477,35,497,7.22,Safe
3478,35,207,13.76,Safe
3479,35,112,9.09,Safe
3480,35,336,7.11,Safe
3481,35,348,9.02,Safe
3482,35,493,3.24,Safe
3483,35,199,2.87,Safe
3484,35,30,9.86,Safe
3485,35,98,8.47,Safe
3486,35,424,8.97,Safe
3487,35,278,7.55,Safe
3488,35,364,8.48,Safe
3489,35,218,12.91,Safe
3490,35,50,12.1,Safe
3491,35,462,9.63,Safe
3492,35,35,12.0,Safe
3493,35,387,2.98,Safe
3494,35,43,13.02,Safe
3495,35,107,8.68,Safe
3496,35,421,8.19,Safe
3497,35,315,8.26,Safe
3498,35,154,13.38,Safe
3499,35,109,5.8,Safe
3500,35,44,7.64,Safe
3501,36,338,7.54,Safe
3502,36,171,12.28,Safe
3503,36,373,6.04,Safe
3504,36,352,7.53,Safe
3505,36,272,13.09,Safe
3506,36,15,8.68,Safe
3507,36,160,5.36,Delayed
3508,36,398,3.76,Safe
3509,36,15,11.83,Safe
3510,36,258,6.73,Safe
3511,36,466,6.89,Safe
3512,36,11,8.05,Missing
3513,36,272,11.32,Safe
3514,36,136,12.84,Safe
3515,36,133,6.09,Safe
3516,36,268,9.68,Safe
3517,36,97,13.65,Safe
3518,36,148,12.7,Delayed
3519,36,416,11.1,Safe
3520,36,495,5.72,Delayed
3521,36,477,14.4,Safe
3522,36,218,9.23,Safe
3523,36,365,12.75,Delayed
3524,36,195,10.89,Delayed
3525,36,40,11.09,Safe
3526,36,397,12.52,Delayed
3527,36,251,13.06,Safe
3528,36,74,11.22,Safe
3529,36,273,13.16,Safe
3530,36,298,3.67,Safe
3531,36,103,10.07,Safe
3532,36,198,8.06,Missing
3533,36,191,11.0,Safe
3534,36,452,8.19,Safe
3535,36,70,8.7,Safe
3536,36,256,2.28,Safe
3537,36,305,13.38,Delayed
3538,36,67,2.67,Safe
3539,36,310,6.68,Delayed
3540,36,435,9.41,Delayed
3541,36,342,5.04,Safe
3542,36,93,12.35,Safe
3543,36,361,12.74,Safe
3544,36,299,4.62,Safe
3545,36,11,8.18,Safe
3546,36,259,3.47,Safe
3547,36,459,14.35,Safe
3548,36,294,14.1,Delayed
3549,36,29,13.57,Safe
3550,36,174,12.54,Delayed
3551,36,424,10.15,Delayed
3552,36,436,8.41,Safe
3553,36,171,3.33,Safe
3554,36,343,12.05,Safe
3555,36,409,10.45,Safe
3556,36,145,10.1,Delayed
3557,36,164,3.32,Safe
3558,36,314,11.65,Missing
3559,36,313,8.46,Safe
3560,36,379,3.35,Safe
3561,36,77,2.36,Delayed
3562,36,307,12.18,Safe
3563,36,54,6.22,Safe
3564,36,233,11.19,Safe
3565,36,375,8.35,Delayed
3566,36,197,4.3,Safe
3567,36,82,2.9,Delayed
3568,36,382,5.68,Safe
3569,36,92,6.6,Safe
3570,36,495,6.35,Safe
3571,36,47,4.06,Safe
3572,36,419,8.52,Safe
3573,36,422,7.86,Safe
3574,36,482,6.56,Safe
3575,36,462,8.39,Safe
3576,36,55,7.79,Safe
3577,36,424,14.06,Delayed
3578,36,263,6.37,Safe
3579,36,300,11.13,Delayed
3580,36,285,3.31,Safe
3581,36,193,12.19,Delayed
3582,36,170,12.04,Safe
3583,36,75,8.94,Missing
3584,36,322,14.71,Safe
3585,36,217,10.79,Safe
3586,36,219,10.84,Safe
3587,36,179,14.4,Safe
3588,36,438,5.71,Safe
3589,36,211,7.02,Safe
3590,36,42,14.48,Safe
3591,36,182,13.54,Delayed
3592,36,51,9.48,Safe
3593,36,370,10.96,Safe
3594,36,1,13.89,Safe
3595,36,481,13.95,Safe
3596,36,246,13.27,Safe
3597,36,336,12.36,Missing
3598,36,353,3.43,Delayed
3599,36,8,8.31,Safe
3600,36,358,3.18,Safe
3601,37,496,13.96,Safe
3602,37,495,2.96,Delayed
3603,37,99,11.41,Safe
3604,37,247,5.36,Safe
3605,37,215,5.35,Safe
3606,37,467,10.6,Safe
3607,37,316,9.42,Safe
3608,37,252,4.24,Safe
3609,37,65,14.59,Safe
3610,37,240,8.27,Missing
3611,37,186,5.83,Delayed
3612,37,155,11.29,Missing
3613,37,421,3.47,Safe
3614,37,272,7.98,Delayed
3615,37,419,14.9,Safe
3616,37,100,9.36,Safe
3617,37,342,6.73,Safe
3618,37,443,9.64,Delayed
3619,37,400,14.93,Safe
3620,37,260,13.43,Safe
3621,37,227,8.72,Delayed
3622,37,242,11.94,Safe
3623,37,205,11.08,Delayed
3624,37,426,6.94,Safe
3625,37,136,4.85,Safe
3626,37,136,14.37,Safe
3627,37,127,11.73,Safe
3628,37,251,10.59,Delayed
3629,37,52,9.86,Delayed
3630,37,209,2.74,Safe
3631,37,466,5.49,Missing
3632,37,280,9.68,Safe
3633,37,346,14.18,Delayed
3634,37,311,14.72,Safe
3635,37,1,12.02,Safe
3636,37,432,11.33,Safe
3637,37,233,3.42,Delayed
3638,37,280,11.99,Safe
3639,37,390,5.41,Safe
3640,37,104,10.38,Missing
3641,37,125,2.54,Safe
3642,37,162,7.31,Delayed
3643,37,101,8.57,Delayed
3644,37,42,9.74,Safe
3645,37,49,3.55,Safe
3646,37,354,6.9,Safe
3647,37,231,4.16,Safe
3648,37,362,2.06,Safe
3649,37,421,12.93,Safe
3650,37,14,6.86,Safe
3651,37,432,2.77,Safe
3652,37,50,9.35,Safe
3653,37,222,7.57,Safe
3654,37,133,9.46,Safe
3655,37,141,11.65,Safe
3656,37,178,2.42,Missing
3657,37,2,4.39,Safe
3658,37,181,5.65,Safe
3659,37,23,13.92,Safe
3660,37,128,10.24,Safe
3661,37,29,12.74,Safe
3662,37,165,8.02,Safe
3663,37,307,2.02,Safe
3664,37,31,7.13,Safe
3665,37,464,12.93,Delayed
3666,37,407,6.31,Delayed
3667,37,468,8.43,Delayed
3668,37,499,2.64,Safe
3669,37,462,11.8,Safe
3670,37,131,14.48,Safe
3671,37,362,10.53,Safe
3672,37,84,13.42,Safe
3673,37,456,4.24,Safe
3674,37,287,13.45,Safe
3675,37,228,7.29,Safe
3676,37,215,11.69,Safe
3677,37,19,11.33,Safe
3678,37,58,4.97,Delayed
3679,37,92,8.89,Safe
3680,37,318,4.23,Safe
3681,37,85,13.07,Safe
3682,37,374,5.87,Safe
3683,37,310,2.43,Delayed
3684,37,189,13.95,Safe
3685,37,302,13.58,Delayed
3686,37,186,7.24,Delayed
3687,37,110,14.84,Safe
3688,37,237,6.1,Safe
3689,37,199,2.37,Safe
3690,37,166,6.85,Safe
3691,37,443,6.98,Safe
3692,37,156,3.33,Safe
3693,37,424,7.42,Delayed
3694,37,83,5.29,Delayed
3695,37,174,3.83,Safe
3696,37,210,4.22,Safe
3697,37,486,13.3,Missing
3698,37,447,8.01,Safe
3699,37,395,11.24,Safe
3700,37,73,9.25,Safe
3701,38,107,11.48,Safe
3702,38,360,13.47,Safe
3703,38,42,5.29,Delayed
3704,38,16,2.42,Safe
3705,38,392,2.01,Safe
3706,38,20,7.11,Safe
3707,38,368,11.0,Delayed
3708,38,442,2.57,Safe
3709,38,298,11.96,Delayed
3710,38,63,10.87,Safe
3711,38,442,10.63,Safe
3712,38,175,13.25,Safe
3713,38,245,14.18,Safe
3714,38,488,12.25,Safe
3715,38,262,7.46,Safe
3716,38,18,12.74,Safe
3717,38,52,10.97,Safe
3718,38,397,10.29,Safe
3719,38,71,14.04,Safe
3720,38,123,8.98,Safe
3721,38,302,14.14,Safe
3722,38,255,5.56,Delayed
3723,38,241,13.33,Safe
3724,38,183,6.05,Safe
3725,38,420,6.14,Safe
3726,38,468,14.73,Safe
3727,38,231,2.88,Safe
3728,38,7,14.82,Delayed
3729,38,247,4.64,Delayed
3730,38,239,5.92,Safe
3731,38,95,11.59,Safe
3732,38,267,2.52,Missing
3733,38,131,5.09,Safe
3734,38,159,12.07,Safe
3735,38,492,5.39,Safe
3736,38,115,13.33,Safe
3737,38,122,3.02,Safe
3738,38,14,5.6,Safe
3739,38,406,2.16,Safe
3740,38,124,14.76,Safe
3741,38,62,11.83,Safe
3742,38,320,14.77,Safe
3743,38,150,11.56,Safe
3744,38,33,9.55,Delayed
3745,38,98,12.1,Safe
3746,38,220,7.99,Safe
3747,38,141,14.72,Safe
3748,38,294,8.89,Safe
3749,38,207,4.5,Safe
3750,38,340,8.54,Safe
3751,38,147,11.18,Delayed
3752,38,227,6.47,Safe
3753,38,464,8.84,Missing
3754,38,30,4.61,Safe
3755,38,257,13.65,Safe
3756,38,356,6.22,Safe
3757,38,273,13.75,Safe
3758,38,430,6.14,Safe
3759,38,477,9.94,Safe
3760,38,283,3.63,Safe
3761,38,159,13.49,Safe
3762,38,295,10.67,Safe
3763,38,473,10.44,Missing
3764,38,203,5.86,Missing
3765,38,172,5.33,Delayed
3766,38,63,5.21,Safe
3767,38,174,10.41,Delayed
3768,38,360,13.07,Safe
3769,38,69,13.49,Safe
3770,38,271,4.81,Safe
3771,38,362,10.74,Safe
3772,38,333,9.0,Safe
3773,38,201,4.65,Safe
3774,38,161,8.29,Safe
3775,38,202,9.62,Safe
3776,38,62,2.43,Safe
3777,38,295,4.84,Safe
3778,38,175,8.48,Delayed
3779,38,48,14.37,Safe
3780,38,22,5.98,Safe
3781,38,439,13.83,Safe
3782,38,451,5.84,Safe
3783,38,21,2.39,Safe
3784,38,293,10.6,Safe
3785,38,300,7.51,Safe
3786,38,108,9.06,Safe
3787,38,389,12.28,Safe
3788,38,443,7.08,Safe
3789,38,3,6.87,Safe
3790,38,137,13.46,Safe
3791,38,29,2.97,Safe
3792,38,381,5.04,Safe
3793,38,458,10.8,Safe
3794,38,40,10.54,Safe
3795,38,409,5.02,Safe
3796,38,461,8.19,Safe
3797,38,132,4.78,Safe
3798,38,414,13.94,Safe
3799,38,336,9.68,Safe
3800,38,473,7.76,Delayed
3801,39,403,2.5,Safe
3802,39,52,12.71,Safe
3803,39,458,2.45,Safe
3804,39,364,9.37,Safe
3805,39,58,9.88,Safe
3806,39,416,2.22,Delayed
3807,39,170,9.39,Safe
3808,39,438,12.68,Safe
3809,39,494,14.02,Safe
3810,39,50,6.74,Safe
3811,39,315,9.39,Delayed
3812,39,102,9.7,Safe
3813,39,428,7.2,Missing
3814,39,159,5.02,Safe
3815,39,129,9.97,Safe
3816,39,353,3.52,Safe
3817,39,91,11.23,Delayed
3818,39,26,5.48,Safe
3819,39,107,13.08,Delayed
3820,39,292,7.67,Safe
3821,39,471,9.46,Safe
3822,39,38,3.04,Safe
3823,39,117,8.41,Safe
3824,39,305,12.7,Safe
3825,39,91,9.16,Delayed
3826,39,299,8.39,Delayed
3827,39,213,8.38,Safe
3828,39,285,14.75,Safe
3829,39,75,13.73,Safe
3830,39,87,2.43,Safe
3831,39,387,7.52,Delayed
3832,39,36,11.51,Safe
3833,39,484,9.54,Safe
3834,39,477,6.7,Safe
3835,39,287,13.25,Safe
3836,39,322,9.61,Safe
3837,39,431,6.79,Safe
3838,39,112,4.11,Safe
3839,39,379,3.03,Safe
3840,39,421,7.61,Safe
3841,39,39,9.11,Safe
3842,39,272,13.63,Safe
3843,39,453,10.92,Safe
3844,39,48,8.09,Safe
3845,39,360,3.97,Delayed
3846,39,280,2.67,Safe
3847,39,186,10.17,Safe
3848,39,442,11.13,Safe
3849,39,213,5.55,Safe
3850,39,28,5.65,Safe
3851,39,196,10.87,Safe
3852,39,370,9.35,Safe
3853,39,232,12.71,Safe
3854,39,433,14.14,Safe
3855,39,55,2.34,Safe
3856,39,210,10.19,Safe
3857,39,378,11.56,Safe
3858,39,322,5.23,Safe
3859,39,106,4.59,Safe
3860,39,445,9.37,Safe
3861,39,318,9.63,Safe
3862,39,427,5.2,Safe
3863,39,304,13.19,Safe
3864,39,491,14.22,Safe
3865,39,62,11.84,Delayed
3866,39,343,3.95,Delayed
3867,39,64,12.71,Safe
3868,39,388,9.55,Safe
3869,39,474,10.57,Safe
3870,39,50,6.39,Safe
3871,39,135,13.87,Safe
3872,39,208,11.23,Safe
3873,39,280,3.38,Delayed
3874,39,56,13.57,Safe
3875,39,495,9.49,Delayed
3876,39,348,9.65,Safe
3877,39,107,8.73,Safe
3878,39,261,5.29,Missing
3879,39,34,6.54,Safe
3880,39,406,7.86,Safe
3881,39,497,8.33,Delayed
3882,39,16,9.62,Safe
3883,39,89,12.92,Safe
3884,39,100,6.7,Safe
3885,39,450,3.6,Delayed
3886,39,162,11.4,Safe
3887,39,1,9.63,Delayed
3888,39,189,14.61,Safe
3889,39,409,2.56,Safe
3890,39,123,10.92,Delayed
3891,39,6,7.2,Safe
3892,39,482,2.29,Safe
3893,39,129,5.21,Safe
3894,39,54,4.38,Safe
3895,39,409,14.37,Safe
3896,39,357,6.89,Safe
3897,39,61,10.85,Safe
3898,39,60,10.53,Safe
3899,39,385,11.36,Safe
3900,39,408,5.82,Safe
3901,40,437,14.43,Safe
3902,40,305,6.09,Safe
3903,40,307,13.61,Safe
3904,40,258,13.56,Safe
3905,40,469,3.5,Safe
3906,40,125,12.63,Safe
3907,40,484,11.67,Safe
3908,40,467,4.9,Safe
3909,40,416,9.8,Safe
3910,40,154,2.73,Safe
3911,40,286,10.54,Safe
3912,40,497,7.99,Safe
3913,40,22,9.77,Safe
3914,40,57,12.82,Safe
3915,40,112,7.41,Safe
3916,40,442,6.25,Delayed
3917,40,451,11.19,Safe
3918,40,218,3.08,Safe
3919,40,290,6.41,Delayed
3920,40,107,6.75,Safe
3921,40,160,8.13,Safe
3922,40,105,12.64,Safe
3923,40,8,8.81,Safe
3924,40,455,9.22,Safe
3925,40,104,2.11,Safe
3926,40,75,5.94,Delayed
3927,40,222,7.63,Safe
3928,40,403,4.56,Safe
3929,40,152,13.09,Safe
3930,40,258,7.02,Safe
3931,40,211,8.45,Safe
3932,40,228,11.99,Delayed
3933,40,470,11.21,Delayed
3934,40,339,8.64,Safe
3935,40,330,9.17,Delayed
3936,40,72,10.13,Safe
3937,40,228,4.13,Safe
3938,40,68,2.16,Safe
3939,40,97,3.44,Safe
3940,40,370,12.66,Delayed
3941,40,182,8.91,Safe
3942,40,210,4.87,Safe
3943,40,290,8.05,Delayed
3944,40,289,10.42,Safe
3945,40,187,2.88,Safe
3946,40,314,5.0,Safe
3947,40,480,3.68,Delayed
3948,40,299,7.02,Safe
3949,40,465,9.72,Safe
3950,40,472,2.87,Safe
3951,40,64,10.84,Safe
3952,40,362,6.7,Delayed
3953,40,119,14.48,Safe
3954,40,290,5.1,Safe
3955,40,93,12.82,Safe
3956,40,8,7.24,Safe
3957,40,383,9.41,Safe
3958,40,266,5.09,Safe
3959,40,327,3.1,Delayed
3960,40,300,7.58,Safe
3961,40,196,10.1,Safe
3962,40,422,13.35,Safe
3963,40,52,4.55,Safe
3964,40,377,5.38,Safe
3965,40,207,10.99,Delayed
3966,40,413,14.41,Safe
3967,40,191,2.04,Safe
3968,40,488,6.73,Safe
3969,40,444,14.28,Safe
3970,40,59,6.61,Missing
3971,40,140,11.78,Safe
3972,40,179,13.33,Safe
3973,40,197,14.85,Safe
3974,40,474,6.94,Safe
3975,40,62,8.7,Safe
3976,40,123,8.93,Missing
3977,40,364,12.82,Safe
3978,40,51,5.24,Safe
3979,40,248,6.49,Safe
3980,40,482,3.3,Safe
3981,40,386,8.41,Safe
3982,40,416,11.32,Delayed
3983,40,3,4.65,Safe
3984,40,54,10.2,Safe
3985,40,267,11.64,Safe
3986,40,371,13.74,Safe
3987,40,243,9.69,Safe
3988,40,250,5.06,Safe
3989,40,406,3.6,Safe
3990,40,106,10.66,Delayed
3991,40,381,6.6,Safe
3992,40,187,12.45,Safe
3993,40,43,10.91,Safe
3994,40,165,9.02,Safe
3995,40,422,3.2,Safe
3996,40,322,3.44,Delayed
3997,40,172,6.87,Safe
3998,40,414,13.29,Safe
3999,40,192,9.87,Safe
4000,40,321,7.82,Safe
